date,open,high,low,close,adjclose,volume,ticker,adjclose_1,true_adjclose_1,buy_profit,sell_profit
2011-07-25,0.44843700528144836,0.4781250059604645,0.44843700528144836,0.45406201481819153,0.40911251306533813,109504,MGLU3.SA,0.45353794,0.43473532795906067,0.025622814893722534,0.0
2011-08-03,0.43281200528144836,0.4387499988079071,0.39625000953674316,0.42031198740005493,0.3787035346031189,16896000,MGLU3.SA,0.41386586,0.34632405638694763,-0.032379478216171265,0.0
2011-08-05,0.375,0.3921869993209839,0.34718701243400574,0.3700000047683716,0.3333720564842224,21920000,MGLU3.SA,0.34640124,0.3097206652164459,-0.02365139126777649,0.0
2011-08-19,0.4040620028972626,0.4128119945526123,0.39656201004981995,0.4012500047683716,0.36152854561805725,16832000,MGLU3.SA,0.39094463,0.35983917117118835,-0.0016893744468688965,0.0
2011-08-23,0.3971869945526123,0.40187498927116394,0.39281201362609863,0.39750000834465027,0.35814982652664185,8995200,MGLU3.SA,0.38721702,0.3519553542137146,-0.006194472312927246,0.0
2011-08-24,0.39937499165534973,0.39937499165534973,0.3853119909763336,0.390625,0.3519553542137146,9436800,MGLU3.SA,0.3810258,0.34632405638694763,-0.005631297826766968,0.0
2011-09-12,0.4375,0.4546869993209839,0.4334369897842407,0.4546869993209839,0.4096755385398865,14668800,MGLU3.SA,0.4374597,0.4012286365032196,-0.00844690203666687,0.0
2011-09-14,0.45249998569488525,0.45406201481819153,0.4256249964237213,0.4375,0.3941900432109833,26988800,MGLU3.SA,0.43673694,0.3939080238342285,-0.00028201937675476074,0.0
2011-09-20,0.4312500059604645,0.43406200408935547,0.421875,0.421875,0.38011178374290466,14361600,MGLU3.SA,0.42932576,0.3688492774963379,-0.011262506246566772,0.0
2011-09-21,0.42375001311302185,0.4281249940395355,0.40687501430511475,0.40937501192092896,0.3688492774963379,18006400,MGLU3.SA,0.41454458,0.3432263731956482,-0.025622904300689697,0.0
2011-09-30,0.37718701362609863,0.37718701362609863,0.359375,0.3668749928474426,0.3305565416812897,30537600,MGLU3.SA,0.3632414,0.31591516733169556,-0.014641374349594116,0.0
2011-10-25,0.39125001430511475,0.3956249952316284,0.3896870017051697,0.3918749988079071,0.3530815839767456,15728000,MGLU3.SA,0.38898557,0.3497028350830078,-0.003378748893737793,0.0
2011-10-26,0.39156201481819153,0.39406201243400574,0.3787499964237213,0.3881250023841858,0.3497028350830078,13856000,MGLU3.SA,0.38382548,0.35477104783058167,0.0050682127475738525,0.0
2011-11-25,0.3125,0.31687501072883606,0.30937498807907104,0.3115620017051697,0.2807191014289856,11852800,MGLU3.SA,0.33204386,0.2900112271308899,0.009292125701904297,0.0
2011-12-01,0.36250001192092896,0.3725000023841858,0.35374999046325684,0.3684369921684265,0.3319638669490814,85206400,MGLU3.SA,0.3927454,0.3235169053077698,-0.008446961641311646,0.0
2011-12-06,0.34937500953674316,0.35093700885772705,0.34062498807907104,0.34062498807907104,0.3069051206111908,18652800,MGLU3.SA,0.32739443,0.3026811480522156,-0.00422397255897522,0.0
2011-12-07,0.34062498807907104,0.34343698620796204,0.3346869945526123,0.3359369933605194,0.3026811480522156,12473600,MGLU3.SA,0.32422072,0.2928268611431122,-0.009854286909103394,0.0
2011-12-27,0.29531198740005493,0.29656198620796204,0.2878119945526123,0.2893750071525574,0.26072850823402405,8624000,MGLU3.SA,0.309214,0.26072850823402405,0.0,0.0
2011-12-28,0.2893750071525574,0.2903119921684265,0.28093698620796204,0.2893750071525574,0.26072850823402405,18080000,MGLU3.SA,0.2918195,0.2686122953891754,0.007883787155151367,0.0
2011-12-29,0.2906250059604645,0.2981249988079071,0.2837499976158142,0.2981249988079071,0.2686122953891754,14483200,MGLU3.SA,0.2978953,0.26185479760169983,-0.006757497787475586,0.0
2012-01-05,0.2862499952316284,0.2862499952316284,0.2828119993209839,0.28343701362609863,0.255378395318985,7024000,MGLU3.SA,0.28868783,0.26241791248321533,0.007039517164230347,0.0
2012-01-11,0.28718701004981995,0.28968700766563416,0.28437501192092896,0.2890619933605194,0.2604465186595917,17715200,MGLU3.SA,0.29325935,0.26326218247413635,0.0028156638145446777,0.0
2012-01-12,0.2903119921684265,0.29218700528144836,0.2890619933605194,0.29218700528144836,0.26326218247413635,31676800,MGLU3.SA,0.29963288,0.26635977625846863,0.0030975937843322754,0.0
2012-01-30,0.3178119957447052,0.31937500834465027,0.3096869885921478,0.3125,0.281564325094223,28723200,MGLU3.SA,0.33406124,0.28212741017341614,0.0005630850791931152,0.0
2012-02-06,0.31937500834465027,0.31937500834465027,0.30281201004981995,0.3046869933605194,0.2745248079299927,71731200,MGLU3.SA,0.33633354,0.279592901468277,0.005068093538284302,0.0
2012-02-15,0.30937498807907104,0.3215619921684265,0.30937498807907104,0.3187499940395355,0.2871955633163452,33289600,MGLU3.SA,0.32825097,0.2832537591457367,-0.0039418041706085205,0.0
2012-03-02,0.37187498807907104,0.37968701124191284,0.36906200647354126,0.3740620017051697,0.3370320498943329,19840000,MGLU3.SA,0.37714276,0.3322458863258362,-0.004786163568496704,0.0
2012-03-20,0.3581250011920929,0.3643749952316284,0.35218700766563416,0.36250001192092896,0.3266146183013916,9465600,MGLU3.SA,0.36319897,0.3260514438152313,-0.0005631744861602783,0.0
2012-03-27,0.38187500834465027,0.39156201481819153,0.3712500035762787,0.37187498807907104,0.3350614905357361,26310400,MGLU3.SA,0.39792752,0.328867107629776,-0.006194382905960083,0.0
2012-04-20,0.3853119909763336,0.38906198740005493,0.36937499046325684,0.3728120028972626,0.3359058201313019,13030400,MGLU3.SA,0.37395436,0.3237989842891693,-0.012106835842132568,0.0
2012-04-26,0.35624998807907104,0.35624998807907104,0.3409369885921478,0.34375,0.3097206652164459,16992000,MGLU3.SA,0.35456985,0.3195750117301941,0.009854346513748169,0.0
2012-05-07,0.3721869885921478,0.39281201362609863,0.3721869885921478,0.390625,0.35241520404815674,14400000,MGLU3.SA,0.39233467,0.3467765152454376,-0.005638688802719116,0.0
2012-05-21,0.28093698620796204,0.28093698620796204,0.28093698620796204,0.28093698620796204,0.2534565329551697,0,MGLU3.SA,0.2909691,0.25514811277389526,0.001691579818725586,0.0
2012-05-22,0.2874999940395355,0.29531198740005493,0.28218701481819153,0.2828119993209839,0.25514811277389526,29104000,MGLU3.SA,0.3039707,0.257967472076416,0.002819359302520752,0.0
2012-06-04,0.2828119993209839,0.28843700885772705,0.2800000011920929,0.2800000011920929,0.2526111602783203,11305600,MGLU3.SA,0.2822319,0.25091955065727234,-0.0016916096210479736,0.0
2012-06-06,0.2790620028972626,0.28812500834465027,0.2790620028972626,0.28437501192092896,0.25655826926231384,9081600,MGLU3.SA,0.28953296,0.25768598914146423,0.0011277198791503906,0.0
2012-06-21,0.30906200408935547,0.3100000023841858,0.30031201243400574,0.3006249964237213,0.27121874690055847,3158400,MGLU3.SA,0.3007407,0.27121874690055847,0.0,0.0
2012-06-27,0.2906250059604645,0.296875,0.27812498807907104,0.27812498807907104,0.25091955065727234,9315200,MGLU3.SA,0.2897426,0.25091955065727234,0.0,0.0
2012-07-02,0.29531198740005493,0.29656198620796204,0.2890619933605194,0.2928119897842407,0.26416996121406555,5820800,MGLU3.SA,0.315209,0.27206411957740784,0.007894158363342285,0.0
2012-07-03,0.2893750071525574,0.3034369945526123,0.28593701124191284,0.30156201124191284,0.27206411957740784,10896000,MGLU3.SA,0.31145895,0.2734741270542145,0.0014100074768066406,0.0
2012-07-04,0.30000001192092896,0.3046869933605194,0.29624998569488525,0.3031249940395355,0.2734741270542145,3459200,MGLU3.SA,0.31144467,0.2692447304725647,-0.00422939658164978,0.0
2012-07-10,0.2993749976158142,0.3034369945526123,0.29218700528144836,0.29374998807907104,0.26501619815826416,3865600,MGLU3.SA,0.30157155,0.25599440932273865,-0.009021788835525513,0.0
2012-07-13,0.2878119945526123,0.29499998688697815,0.2874999940395355,0.2940619885921478,0.26529771089553833,4592000,MGLU3.SA,0.30223882,0.26529771089553833,0.0,0.0
2012-07-23,0.296875,0.30281201004981995,0.28999999165534973,0.30156201124191284,0.27206411957740784,6700800,MGLU3.SA,0.30987272,0.2605052590370178,-0.011558860540390015,0.0
2012-08-06,0.33156201243400574,0.3499999940395355,0.32875001430511475,0.34843701124191284,0.31435391306877136,22915200,MGLU3.SA,0.35226452,0.3053320348262787,-0.009021878242492676,0.0
2012-08-09,0.3321869969367981,0.33812499046325684,0.3228119909763336,0.33687499165534973,0.3039228320121765,12496000,MGLU3.SA,0.329577,0.3039228320121765,0.0,0.0
2012-08-10,0.3321869969367981,0.33812499046325684,0.3228119909763336,0.33687499165534973,0.3039228320121765,12496000,MGLU3.SA,0.33438754,0.2960287630558014,-0.007894068956375122,0.0
2012-08-17,0.3415620028972626,0.346561998128891,0.3400000035762787,0.346561998128891,0.3126623034477234,11276800,MGLU3.SA,0.3517824,0.31012532114982605,-0.002536982297897339,0.0
2012-08-20,0.34343698620796204,0.3474999964237213,0.3362500071525574,0.34375,0.31012532114982605,6179200,MGLU3.SA,0.35193372,0.3050505816936493,-0.005074739456176758,0.0
2012-08-30,0.3487499952316284,0.3487499952316284,0.33781200647354126,0.34218698740005493,0.30871519446372986,7040000,MGLU3.SA,0.33440018,0.31858333945274353,0.009868144989013672,0.0
2012-09-10,0.3840619921684265,0.3921869993209839,0.3787499964237213,0.390625,0.35241520404815674,26252800,MGLU3.SA,0.40373576,0.3566437363624573,0.004228532314300537,0.0
2012-09-11,0.3921869993209839,0.40281200408935547,0.38749998807907104,0.39531201124191284,0.3566437363624573,10102400,MGLU3.SA,0.40927395,0.36200088262557983,0.005357146263122559,0.0
2012-09-13,0.4012500047683716,0.41218701004981995,0.3956249952316284,0.41187500953674316,0.37158653140068054,27443200,MGLU3.SA,0.41024306,0.3625647723674774,-0.009021759033203125,0.0
2012-09-27,0.3984369933605194,0.3987500071525574,0.38187500834465027,0.3931249976158142,0.35467058420181274,9004800,MGLU3.SA,0.3920459,0.34508490562438965,-0.009585678577423096,0.0
2012-10-01,0.37937501072883606,0.38999998569488525,0.3765619993209839,0.3812499940395355,0.34395718574523926,8963200,MGLU3.SA,0.38649383,0.3386000394821167,-0.005357146263122559,0.0
2012-10-10,0.38499999046325684,0.40625,0.38468700647354126,0.40625,0.36651185154914856,16076800,MGLU3.SA,0.39435655,0.3631286323070526,-0.0033832192420959473,0.0
2012-10-16,0.4050000011920929,0.4065620005130768,0.39781200885772705,0.4021869897842407,0.3628461956977844,7315200,MGLU3.SA,0.39966226,0.3563622236251831,-0.006483972072601318,0.0
2012-10-23,0.3831250071525574,0.38343700766563416,0.3753120005130768,0.3799999952316284,0.34282949566841125,9318400,MGLU3.SA,0.38269076,0.34170183539390564,-0.0011276602745056152,0.0
2012-10-31,0.34843701124191284,0.3584370017051697,0.34375,0.35343700647354126,0.3188648223876953,11513600,MGLU3.SA,0.35509112,0.32422196865081787,0.005357146263122559,0.0
2012-11-19,0.3321869969367981,0.33531200885772705,0.3259370028972626,0.328125,0.2960287630558014,6416000,MGLU3.SA,0.33387482,0.29631027579307556,0.0002815127372741699,0.0
2012-12-05,0.3565619885921478,0.35781198740005493,0.3412500023841858,0.34375,0.31012532114982605,11516800,MGLU3.SA,0.34121463,0.3137900233268738,0.0036647021770477295,0.0
2012-12-10,0.3571870028972626,0.362186998128891,0.35093700885772705,0.3581250011920929,0.3230942487716675,8051200,MGLU3.SA,0.36687356,0.3199925124645233,-0.003101736307144165,0.0
2012-12-11,0.35499998927116394,0.3609369993209839,0.3453119993209839,0.35468700528144836,0.3199925124645233,13555200,MGLU3.SA,0.3585871,0.3188648223876953,-0.001127690076828003,0.0
2013-01-04,0.42031198740005493,0.42250001430511475,0.40968701243400574,0.4156250059604645,0.3749697506427765,17756800,MGLU3.SA,0.43417752,0.366229385137558,-0.008740365505218506,0.0
2013-01-09,0.40312498807907104,0.409061998128891,0.39625000953674316,0.3968749940395355,0.3580538332462311,20451200,MGLU3.SA,0.40299135,0.3622823655605316,0.004228532314300537,0.0
2013-01-17,0.39531201124191284,0.40156200528144836,0.38749998807907104,0.38749998807907104,0.3495958745479584,27136000,MGLU3.SA,0.38974872,0.3445211350917816,-0.005074739456176758,0.0
2013-01-18,0.3868750035762787,0.3893750011920929,0.3762499988079071,0.38187500834465027,0.3445211350917816,41193600,MGLU3.SA,0.38541827,0.3425471782684326,-0.001973956823348999,0.0
2013-01-23,0.37812501192092896,0.3799999952316284,0.3646869957447052,0.3675000071525574,0.33155226707458496,42073600,MGLU3.SA,0.37722313,0.32422196865081787,-0.00733029842376709,0.0
2013-02-01,0.375,0.40156200528144836,0.37437498569488525,0.39250001311302185,0.3541068136692047,29977600,MGLU3.SA,0.3978227,0.3549521565437317,0.0008453428745269775,0.0
2013-02-04,0.38624998927116394,0.4012500047683716,0.38624998927116394,0.393436998128891,0.3549521565437317,21491200,MGLU3.SA,0.4090896,0.3338076174259186,-0.02114453911781311,0.0
2013-02-07,0.3584370017051697,0.36906200647354126,0.35593700408935547,0.3568750023841858,0.3219665288925171,32390400,MGLU3.SA,0.35521185,0.31858333945274353,-0.0033831894397735596,0.0
2013-02-19,0.33406201004981995,0.34843701124191284,0.3321869969367981,0.34375,0.31012532114982605,10144000,MGLU3.SA,0.3433919,0.2996934652328491,-0.010431855916976929,0.0
2013-02-20,0.34843701124191284,0.34843701124191284,0.32499998807907104,0.3321869969367981,0.2996934652328491,25350400,MGLU3.SA,0.34124115,0.3030765950679779,0.003383129835128784,0.0
2013-02-21,0.33687499165534973,0.33937498927116394,0.3284370005130768,0.3359369933605194,0.3030765950679779,19910400,MGLU3.SA,0.338625,0.3042043447494507,0.0011277496814727783,0.0
2013-02-22,0.3375000059604645,0.3428120017051697,0.33156201243400574,0.3371869921684265,0.3042043447494507,11484800,MGLU3.SA,0.34179914,0.2996934652328491,-0.0045108795166015625,0.0
2013-02-26,0.3306249976158142,0.3334369957447052,0.3284370005130768,0.32906201481819153,0.29687416553497314,8784000,MGLU3.SA,0.32944566,0.28982630372047424,-0.007047861814498901,0.0
2013-02-27,0.328125,0.33250001072883606,0.3187499940395355,0.32124999165534973,0.28982630372047424,22528000,MGLU3.SA,0.3208969,0.2858791947364807,-0.00394710898399353,0.0
2013-03-14,0.2956250011920929,0.30250000953674316,0.2946870028972626,0.29875001311302185,0.2695271670818329,14377600,MGLU3.SA,0.2994008,0.26473385095596313,-0.004793316125869751,0.0
2013-03-20,0.28812500834465027,0.28812500834465027,0.28437501192092896,0.2849999964237213,0.2571221590042114,7590400,MGLU3.SA,0.28816655,0.2610691487789154,0.0039469897747039795,0.0
2013-04-01,0.2862499952316284,0.2862499952316284,0.2815620005130768,0.2837499976158142,0.25599440932273865,5203200,MGLU3.SA,0.29500833,0.26360613107681274,0.007611721754074097,0.0
2013-04-09,0.28562501072883606,0.28593701124191284,0.2815620005130768,0.2849999964237213,0.2571221590042114,12880000,MGLU3.SA,0.29075128,0.2534565329551697,-0.003665626049041748,0.0
2013-04-11,0.2824999988079071,0.2828119993209839,0.26875001192092896,0.2693749964237213,0.243025541305542,24630400,MGLU3.SA,0.28087774,0.24838179349899292,0.005356252193450928,0.0
2013-04-15,0.27812498807907104,0.2803120017051697,0.26531198620796204,0.26531198620796204,0.23935991525650024,20291200,MGLU3.SA,0.2846339,0.24302554130554196,0.0036656260490417203,0.0
2013-04-16,0.26781201362609863,0.27656200528144836,0.26781201362609863,0.2693749964237213,0.243025541305542,13385600,MGLU3.SA,0.28604597,0.22977426648139954,-0.013251274824142456,0.0
2013-04-17,0.2706249952316284,0.27125000953674316,0.25187501311302185,0.25468701124191284,0.22977426648139954,30092800,MGLU3.SA,0.26959902,0.23090200126171112,0.0011277347803115845,0.0
2013-04-22,0.2590619921684265,0.2590619921684265,0.24781200289726257,0.24843700230121613,0.2241356372833252,15296000,MGLU3.SA,0.2688832,0.22216252982616425,-0.0019731074571609497,0.0
2013-05-02,0.22343699634075165,0.23343700170516968,0.22093699872493744,0.22968700528144836,0.2072197049856186,34044800,MGLU3.SA,0.25323242,0.22075243294239041,0.013532727956771823,0.0
2013-05-09,0.25343701243400574,0.2578119933605194,0.2512499988079071,0.25312501192092896,0.22836503386497498,11907200,MGLU3.SA,0.258935,0.2255457192659378,-0.0028193145990371704,0.0
2013-05-10,0.2562499940395355,0.2562499940395355,0.2487500011920929,0.25,0.2255457192659378,27280000,MGLU3.SA,0.25698858,0.2156776636838913,-0.009868055582046509,0.0
2013-05-16,0.2578119933605194,0.25999999046325684,0.2421869933605194,0.2421869933605194,0.21849697828292847,18899200,MGLU3.SA,0.26042214,0.23315747082233426,0.014660492539405795,0.0
2013-05-31,0.2706249952316284,0.2718749940395355,0.25437501072883606,0.25468701124191284,0.22977426648139954,36339200,MGLU3.SA,0.26811597,0.2303381264209747,0.0005638599395751676,0.0
2013-06-06,0.2578119933605194,0.27000001072883606,0.25562500953674316,0.2659370005130768,0.23992380499839783,25606400,MGLU3.SA,0.2849867,0.227801188826561,-0.012122616171836825,0.0
2013-06-24,0.19062499701976776,0.19343699514865875,0.18062500655651093,0.18718700110912323,0.16887690126895905,35270400,MGLU3.SA,0.20220253,0.16182908415794375,-0.007047817111015292,0.0
2013-06-27,0.17656199634075165,0.18125000596046448,0.1743749976158142,0.1759369969367981,0.15872736275196075,47382400,MGLU3.SA,0.20262386,0.15167950093746185,-0.007047861814498901,0.0
2013-07-23,0.190311998128891,0.19468699395656586,0.18125000596046448,0.1837500035762787,0.16577613353729248,45126400,MGLU3.SA,0.2087849,0.15872736275196075,-0.007048770785331726,0.0
2013-07-31,0.16625000536441803,0.16625000536441803,0.15968699753284454,0.15968699753284454,0.14406684041023254,26985600,MGLU3.SA,0.17599541,0.14293918013572696,-0.0011276602745055875,0.0
2013-08-02,0.15843699872493744,0.16625000536441803,0.1574999988079071,0.15843699872493744,0.14293918013572693,23830400,MGLU3.SA,0.1835677,0.14378540217876434,0.0008462220430374146,0.0
2013-08-08,0.20343700051307678,0.20781199634075165,0.18406200408935547,0.1953119933605194,0.17620714008808136,113059200,MGLU3.SA,0.2605094,0.17141474783420566,-0.004792392253875705,0.0
2013-08-09,0.19875000417232513,0.2046869993209839,0.18812499940395355,0.1899999976158142,0.17141474783420563,34460800,MGLU3.SA,0.26177996,0.16352067887783053,-0.007894068956375094,0.0
2013-08-21,0.17624999582767487,0.17812499403953552,0.16875000298023224,0.17156200110912323,0.154780313372612,41891200,MGLU3.SA,0.18922132,0.15788200497627258,0.0031016916036605835,0.0
2013-08-26,0.18468700349330902,0.19093699753284454,0.18281200528144836,0.18281200528144836,0.16492986679077148,26956800,MGLU3.SA,0.21218498,0.1561904102563858,-0.008739456534385681,0.0
2013-09-03,0.18437500298023224,0.1890619993209839,0.18312500417232513,0.18593700230121613,0.16774916648864746,33968000,MGLU3.SA,0.20270626,0.16577613353729248,-0.0019730329513549805,0.0
2013-09-06,0.18937499821186066,0.19593699276447296,0.18531200289726257,0.1953119933605194,0.17620714008808136,28732800,MGLU3.SA,0.20796384,0.18184578418731692,0.005638644099235562,0.0
2013-09-27,0.23749999701976776,0.23749999701976776,0.234375,0.2359369993209839,0.21285833418369293,61414400,MGLU3.SA,0.25428352,0.21285833418369296,2.7755575615628914e-17,0.0
2013-10-01,0.23781199753284454,0.23999999463558197,0.23468700051307678,0.23906199634075165,0.2156776636838913,7385600,MGLU3.SA,0.26339352,0.21229445934295654,-0.0033832043409347534,0.0
2013-10-10,0.26093700528144836,0.2721869945526123,0.25874999165534973,0.26875001192092896,0.24246162176132202,33254400,MGLU3.SA,0.2935004,0.23879608511924744,-0.003665536642074585,0.0
2013-10-11,0.2731249928474426,0.2731249928474426,0.2590619921684265,0.2646870017051697,0.23879608511924744,14313600,MGLU3.SA,0.28748375,0.2512010335922241,0.012404948472976685,0.0
2013-10-14,0.2618750035762787,0.2803120017051697,0.25687500834465027,0.2784369885921478,0.2512010335922241,46739200,MGLU3.SA,0.2860354,0.26191446185112,0.010713428258895874,0.0
2013-10-21,0.2940619885921478,0.299686998128891,0.2893750071525574,0.29374998807907104,0.26501619815826416,18496000,MGLU3.SA,0.30067664,0.26501619815826416,0.0,0.0
2013-11-07,0.2959370017051697,0.31062498688697815,0.29249998927116394,0.30906200408935547,0.2788304388523102,41702400,MGLU3.SA,0.31529793,0.2824960947036743,0.0036656558513641357,0.0
2013-11-26,0.2737500071525574,0.2771869897842407,0.26093700528144836,0.2671869993209839,0.24105150997638702,27308800,MGLU3.SA,0.27817553,0.23400369286537168,-0.007047817111015348,0.0
2013-12-16,0.23499999940395355,0.23624999821186066,0.22624999284744263,0.23125000298023224,0.20862977206707,47529600,MGLU3.SA,0.24527834,0.2108852416276932,0.0022554695606231967,0.0
2013-12-17,0.23000000417232513,0.23781199753284454,0.23000000417232513,0.23375000059604645,0.21088524162769318,27622400,MGLU3.SA,0.251089,0.208347424864769,-0.0025378167629241666,0.0
2013-12-19,0.23281200230121613,0.2359369993209839,0.22968700528144836,0.2359369993209839,0.21285833418369293,25209600,MGLU3.SA,0.25140837,0.20750208199024203,-0.0053562521934509,0.0
2014-01-06,0.234375,0.24687500298023224,0.23406200110912323,0.24562500417232513,0.22159865498542786,19190400,MGLU3.SA,0.25980744,0.22723734378814697,0.005638688802719116,0.0
2014-01-17,0.26124998927116394,0.26374998688697815,0.2540619969367981,0.2553119957447052,0.23033812642097473,23376000,MGLU3.SA,0.2694057,0.2323120832443237,0.0019739568233489713,0.0
2014-01-27,0.2581250071525574,0.2615619897842407,0.25312501192092896,0.2562499940395355,0.23118434846401215,15692800,MGLU3.SA,0.2684549,0.22695492208003998,-0.004229426383972168,0.0
2014-02-13,0.24593700468540192,0.24593700468540192,0.23343700170516968,0.2384369969367981,0.2151137888431549,20134400,MGLU3.SA,0.25539255,0.21849697828292847,0.0033831894397735596,0.0
2014-02-19,0.24281199276447296,0.24437500536441803,0.2318750023841858,0.2331250011920929,0.21032138168811798,26652800,MGLU3.SA,0.25028345,0.2027087509632111,-0.007612630724906894,0.0
2014-02-21,0.2265619933605194,0.24031199514865875,0.22499999403953552,0.23281200230121613,0.2119758576154709,50924800,MGLU3.SA,0.25096175,0.20969958603382113,-0.0022762715816497525,0.0
2014-02-24,0.2356249988079071,0.23749999701976776,0.22750000655651093,0.23031200468540192,0.2096995860338211,62384000,MGLU3.SA,0.26289022,0.20144863426685336,-0.008250951766967746,0.0
2014-02-25,0.2290620058774948,0.2331250011920929,0.2203119993209839,0.2212499976158142,0.20144863426685333,43721600,MGLU3.SA,0.25340128,0.2008795738220215,-0.0005690604448318204,0.0
2014-02-28,0.2212499976158142,0.2240619957447052,0.21906200051307678,0.2199999988079071,0.20031051337718964,29878400,MGLU3.SA,0.24260144,0.19376584887504578,-0.00654466450214386,0.0
2014-03-14,0.18687500059604645,0.1912499964237213,0.18468700349330902,0.1875,0.1707191914319992,60774400,MGLU3.SA,0.22003505,0.17100326716899875,0.0002840757369995395,0.0
2014-03-17,0.18937499821186066,0.1915619969367981,0.18437500298023224,0.18781200051307678,0.17100326716899872,19280000,MGLU3.SA,0.22259612,0.1752716898918152,0.004268422722816495,0.0
2014-03-24,0.203125,0.2043749988079071,0.19625000655651093,0.20093700289726257,0.1829536110162735,57427200,MGLU3.SA,0.23389767,0.18124641478061676,-0.0017071962356567383,0.0
2014-03-31,0.20250000059604645,0.2096869945526123,0.19968700408935547,0.20250000059604645,0.18437670171260834,27961600,MGLU3.SA,0.22228369,0.1875061094760895,0.003129407763481168,0.0
2014-04-01,0.203125,0.205936998128891,0.19843700528144836,0.205936998128891,0.18750610947608948,16752000,MGLU3.SA,0.21805643,0.19632706046104434,0.008820950984954862,0.0
2014-04-03,0.2150000035762787,0.21843700110912323,0.2109369933605194,0.21687500178813934,0.197465181350708,38864000,MGLU3.SA,0.23750824,0.19888737797737122,0.001422196626663208,0.0
2014-04-15,0.22218699753284454,0.22218699753284454,0.20874999463558197,0.21468700468540192,0.19547300040721893,23660800,MGLU3.SA,0.22939958,0.1980342268943787,0.0025612264871597568,0.0
2014-04-22,0.221561998128891,0.22499999403953552,0.2175000011920929,0.2199999988079071,0.20031051337718964,19600000,MGLU3.SA,0.2395978,0.20399044454097748,0.003679931163787842,0.0
2014-04-25,0.22187499701976776,0.22312499582767487,0.21843700110912323,0.2212499976158142,0.2045682966709137,14352000,MGLU3.SA,0.23879468,0.2123691886663437,0.007800891995429993,0.0
2014-04-28,0.22312499582767487,0.23125000298023224,0.2199999988079071,0.22968700528144836,0.2123691886663437,39657600,MGLU3.SA,0.24721782,0.21670371294021606,0.0043345242738723755,0.0
2014-05-02,0.2384369969367981,0.25,0.2384369969367981,0.24843700230121613,0.22970549762248993,47718400,MGLU3.SA,0.26889747,0.22970549762248996,2.7755575615628914e-17,0.0
2014-05-09,0.2659370005130768,0.27562499046325684,0.2606250047683716,0.26625001430511475,0.24617546796798706,66640000,MGLU3.SA,0.31443608,0.2484869360923767,0.0023114681243896484,0.0
2014-05-12,0.2668749988079071,0.27250000834465027,0.265625,0.26875001192092896,0.2484869360923767,29046400,MGLU3.SA,0.30729002,0.24126303195953372,-0.00722390413284299,0.0
2014-05-13,0.27156201004981995,0.2731249928474426,0.25999999046325684,0.26093700528144836,0.2412630319595337,19155200,MGLU3.SA,0.28741646,0.2418408989906311,0.0005778670310974121,0.0
2014-05-19,0.2603119909763336,0.26093700528144836,0.25343701243400574,0.25718700885772705,0.23779574036598206,31811200,MGLU3.SA,0.28057998,0.24270814657211304,0.0049124062061309814,0.0
2014-05-23,0.27812498807907104,0.28093698620796204,0.2681249976158142,0.27031201124191284,0.24993117153644562,25043200,MGLU3.SA,0.29785615,0.24530816078186035,-0.004623010754585266,0.0
2014-06-11,0.2731249928474426,0.2750000059604645,0.2643750011920929,0.265625,0.24559755623340607,29228800,MGLU3.SA,0.28581554,0.2470417618751526,0.001444205641746521,0.0
2014-06-20,0.2828119993209839,0.284061998128891,0.2734369933605194,0.27406200766563416,0.2533983886241913,46041600,MGLU3.SA,0.2931994,0.25859928131103516,0.005200892686843872,0.0
2014-06-23,0.27562499046325684,0.28468701243400574,0.27531200647354126,0.27968698740005493,0.25859928131103516,26889600,MGLU3.SA,0.2920043,0.2629338204860687,0.004334539175033569,0.0
2014-06-27,0.2837499976158142,0.28812500834465027,0.28062498569488525,0.28125,0.26004448533058167,16876800,MGLU3.SA,0.3041004,0.26553383469581604,0.005489349365234375,0.0
2014-07-07,0.299686998128891,0.30125001072883606,0.29624998569488525,0.30000001192092896,0.27738070487976074,18355200,MGLU3.SA,0.31012315,0.27217987179756165,-0.005200833082199097,0.0
2014-07-18,0.28562501072883606,0.2874999940395355,0.2746869921684265,0.27687498927116394,0.25599923729896545,34268800,MGLU3.SA,0.292953,0.2626444697380066,0.006645232439041138,0.0
2014-07-29,0.2837499976158142,0.2837499976158142,0.27687498927116394,0.27812498807907104,0.25715506076812744,12825600,MGLU3.SA,0.29280946,0.24993117153644562,-0.007223889231681824,0.0
2014-08-25,0.27031201124191284,0.27781200408935547,0.26906201243400574,0.27687498927116394,0.25599923729896545,15868800,MGLU3.SA,0.2903381,0.26004448533058167,0.004045248031616211,0.0
2014-08-27,0.284061998128891,0.28562501072883606,0.27968698740005493,0.28343701362609863,0.262066513299942,16940800,MGLU3.SA,0.30180484,0.2609108090400696,-0.0011557042598724365,0.0
2014-09-12,0.25843700766563416,0.25874999165534973,0.25,0.2562499940395355,0.23692935705184937,23920000,MGLU3.SA,0.28051922,0.2424187809228897,0.005489423871040344,0.0
2014-09-15,0.2593750059604645,0.2646870017051697,0.2549999952316284,0.26218700408935547,0.2424187809228897,34736000,MGLU3.SA,0.2866774,0.25079840421676636,0.008379623293876648,0.0
2014-09-16,0.2643750011920929,0.2784369885921478,0.2634370028972626,0.27125000953674316,0.25079840421676636,25513600,MGLU3.SA,0.29800135,0.2455975562334061,-0.005200847983360263,0.0
2014-09-17,0.27531200647354126,0.27531200647354126,0.2646870017051697,0.265625,0.24559755623340607,14617600,MGLU3.SA,0.29191294,0.24733117222785952,0.001733615994453458,0.0
2014-09-22,0.2668749988079071,0.27031201124191284,0.2578119933605194,0.2578119933605194,0.23837362229824066,19891200,MGLU3.SA,0.2728739,0.23692935705184937,-0.0014442652463912964,0.0
2014-09-29,0.24687500298023224,0.2475000023841858,0.22843700647354126,0.22843700647354126,0.21121343970298767,38352000,MGLU3.SA,0.24695514,0.2190152257680893,0.0078017860651016235,0.0
2014-09-30,0.23000000417232513,0.2368749976158142,0.2240619957447052,0.2368749976158142,0.2190152257680893,63830400,MGLU3.SA,0.24471915,0.220459446310997,0.0014442205429077148,0.0
2014-10-10,0.2540619969367981,0.2540619969367981,0.2540619969367981,0.2540619969367981,0.2349063754081726,21081600,MGLU3.SA,0.26887423,0.23201701045036316,-0.0028893649578094482,0.0
2014-11-11,0.265625,0.265625,0.2549999952316284,0.25874999165534973,0.23924089968204498,19404800,MGLU3.SA,0.27570662,0.23143908381462094,-0.007801815867424039,0.0
2014-11-13,0.25093701481819153,0.25187501311302185,0.2421869933605194,0.24687500298023224,0.22826123237609863,12227200,MGLU3.SA,0.25726473,0.2276833653450012,-0.0005778670310974399,0.0
2014-11-14,0.2434370070695877,0.2524999976158142,0.23906199634075165,0.2462500035762787,0.22768336534500122,27945600,MGLU3.SA,0.25958517,0.2245045751333237,-0.0031787902116775235,0.0
2014-12-01,0.24968700110912323,0.2503120005130768,0.24281199276447296,0.24281199276447296,0.22450457513332367,97829440,MGLU3.SA,0.2652041,0.23115064203739163,0.006646066904067965,0.0
2014-12-02,0.24718700349330902,0.25093701481819153,0.24406200647354126,0.25,0.23115064203739166,109104416,MGLU3.SA,0.28533995,0.23403999209403994,0.002889350056648282,0.0
2014-12-05,0.2446870058774948,0.24843700230121613,0.24312500655651093,0.24531200528144836,0.2268160879611969,8086400,MGLU3.SA,0.26254067,0.2184373140335083,-0.008378773927688599,0.0
2014-12-16,0.22218699753284454,0.22937500476837158,0.22062499821186066,0.22718699276447296,0.21005769073963165,14272000,MGLU3.SA,0.23641674,0.21381433308124542,0.0037566423416137695,0.0
2014-12-30,0.24124999344348907,0.24843700230121613,0.2409369945526123,0.2409369945526123,0.22277094423770905,9920000,MGLU3.SA,0.25438222,0.2152585685253143,-0.007512375712394742,0.0
2015-01-08,0.23937499523162842,0.2421869933605194,0.23749999701976776,0.23999999463558197,0.22190459072589874,8393600,MGLU3.SA,0.25517637,0.21439222991466525,-0.007512360811233493,0.0
2015-01-13,0.23531199991703033,0.23781199753284454,0.2318750023841858,0.2318750023841858,0.21439222991466522,4812800,MGLU3.SA,0.2468287,0.21092496812343597,-0.003467261791229248,0.0
2015-01-27,0.21875,0.21968699991703033,0.20749999582767487,0.21250000596046448,0.19860492646694183,18489600,MGLU3.SA,0.22962268,0.19305518269538882,-0.005549743771553012,0.0
2015-02-09,0.18781200051307678,0.1928119957447052,0.18656200170516968,0.18843699991703033,0.17611533403396606,19612800,MGLU3.SA,0.20691068,0.17932853102684024,0.0032131969928741733,0.0
2015-02-11,0.19374999403953552,0.1940619945526123,0.17906199395656586,0.18125000596046448,0.16939832270145416,28432000,MGLU3.SA,0.20670879,0.17231898009777072,0.002920657396316556,0.0
2015-02-24,0.2006250023841858,0.2084369957447052,0.2006250023841858,0.20624999701976776,0.1927635669708252,11923200,MGLU3.SA,0.22396906,0.188090518116951,-0.0046730488538742065,0.0
2015-02-25,0.20624999701976776,0.20624999701976776,0.19843700528144836,0.20125000178813934,0.188090518116951,21203200,MGLU3.SA,0.22034994,0.19217944145202637,0.004088923335075378,0.0
2015-03-06,0.1693750023841858,0.17125000059604645,0.15937499701976776,0.1665620058774948,0.15567073225975037,43856000,MGLU3.SA,0.19420725,0.14807699620723727,-0.007593736052513095,0.0
2015-03-11,0.16875000298023224,0.17000000178813934,0.16343699395656586,0.1640619933605194,0.15333417057991028,20553600,MGLU3.SA,0.20010316,0.16063627600669864,0.007302105426788358,0.0
2015-03-18,0.15656200051307678,0.159061998128891,0.15437500178813934,0.15593700110912323,0.14574049413204193,27868800,MGLU3.SA,0.17663088,0.14866115152835846,0.0029206573963165283,0.0
2015-03-23,0.1603119969367981,0.16093699634075165,0.15812499821186066,0.15968699753284454,0.14924529194831848,5904000,MGLU3.SA,0.18224005,0.14807699620723727,-0.00116829574108121,0.0
2015-04-06,0.17218700051307678,0.17781199514865875,0.1693750023841858,0.17156200110912323,0.16034378111362457,14224000,MGLU3.SA,0.1974752,0.15859140455722812,-0.0017523765563964566,0.0
2015-04-09,0.1574999988079071,0.16062499582767487,0.15531200170516968,0.15656200051307678,0.14632457494735718,38019200,MGLU3.SA,0.1811355,0.14807699620723727,0.0017524212598800937,0.0
2015-04-20,0.16218699514865875,0.16249999403953552,0.1578119993209839,0.15843699872493744,0.14807699620723724,11763200,MGLU3.SA,0.18322141,0.14895366132259372,0.0008766651153564731,0.0
2015-04-22,0.1599999964237213,0.1603119969367981,0.15718699991703033,0.15937499701976776,0.1489536613225937,11270400,MGLU3.SA,0.17807682,0.14866115152835846,-0.0002925097942352295,0.0
2015-04-24,0.15937499701976776,0.16437500715255737,0.1574999988079071,0.16124999523162842,0.15070606768131256,32051200,MGLU3.SA,0.18291347,0.1530425697565079,0.0023365020751953403,0.0
2015-05-08,0.17249999940395355,0.17249999940395355,0.15531200170516968,0.15687499940395355,0.14972783625125885,71196800,MGLU3.SA,0.18203326,0.14883257448673248,-0.0008952617645263672,0.0
2015-05-15,0.15000000596046448,0.15406200289726257,0.14687499403953552,0.15187500417232513,0.1449556201696396,21654400,MGLU3.SA,0.17627685,0.14376260340213776,-0.001193016767501831,0.0
2015-05-19,0.15000000596046448,0.1509370058774948,0.14624999463558197,0.14781199395656586,0.14107772707939148,16883200,MGLU3.SA,0.17486069,0.13779729604721072,-0.0032804310321807584,0.0
2015-05-27,0.13718700408935547,0.13750000298023224,0.13062499463558197,0.13750000298023224,0.1312355399131775,42953600,MGLU3.SA,0.16210952,0.13093681633472443,-0.00029872357845306396,0.0
2015-06-10,0.1287499964237213,0.12937499582767487,0.125,0.12531200051307678,0.11960282921791077,13401600,MGLU3.SA,0.14830686,0.11870852112770079,-0.0008943080902099748,0.0
2015-06-12,0.12343700230121613,0.12343700230121613,0.12093699723482132,0.12218700349330902,0.11662018299102783,9497600,MGLU3.SA,0.14490269,0.11572588235139848,-0.0008943006396293501,0.0
2015-06-17,0.12062499672174454,0.12250000238418579,0.11968699842691422,0.12218700349330902,0.11662018299102783,9004800,MGLU3.SA,0.1431953,0.11453284323215483,-0.0020873397588729997,0.0
2015-06-25,0.11625000089406967,0.11656200140714645,0.11187499761581421,0.11187499761581421,0.10677801817655563,10960000,MGLU3.SA,0.13179138,0.10677801817655563,0.0,0.0
2015-07-10,0.09468699991703033,0.09656199812889099,0.09312500059604645,0.09468699991703033,0.09037308394908905,19987200,MGLU3.SA,0.122037336,0.08798697590827942,-0.0023861080408096313,0.0
2015-07-13,0.09437499940395355,0.09531199932098389,0.09218700230121613,0.09218700230121613,0.08798697590827942,16979200,MGLU3.SA,0.12223761,0.08709267526865005,-0.000894300639629364,0.0
2015-07-14,0.09156200289726257,0.09187500178813934,0.08968699723482132,0.09125000238418579,0.08709267526865005,8310400,MGLU3.SA,0.118585445,0.08261825889348984,-0.004474416375160217,0.0
2015-07-16,0.0859370008111,0.0859370008111,0.08156199753284454,0.08250000327825546,0.07874132692813873,40259200,MGLU3.SA,0.11103395,0.07605648040771484,-0.002684846520423889,0.0
2015-07-28,0.09031199663877487,0.09281200170516968,0.08687499910593033,0.08937499672174454,0.08530309796333313,35132800,MGLU3.SA,0.14890155,0.08202174305915833,-0.0032813549041748047,0.0
2015-08-03,0.10906200110912323,0.11218699812889099,0.09968700259923935,0.10437499731779099,0.09961970895528793,70556800,MGLU3.SA,0.16548596,0.10260234028100967,0.0029826313257217407,0.0
2015-08-13,0.09375,0.0949999988079071,0.08937499672174454,0.09000000357627869,0.08589963614940643,15891200,MGLU3.SA,0.11179995,0.08500435948371887,-0.000895276665687561,0.0
2015-08-31,0.08156199753284454,0.08156199753284454,0.07843700051307678,0.07968699932098389,0.07605648040771484,18985600,MGLU3.SA,0.10470366,0.07396911829710007,-0.0020873621106147766,0.0
2015-09-03,0.07781200110912323,0.08375000208616257,0.07750000059604645,0.08031199872493744,0.07665301114320755,19491200,MGLU3.SA,0.103833646,0.07337260246276855,-0.0032804086804389954,0.0
2015-09-10,0.07343699783086777,0.07562500238418579,0.07281199842691422,0.07500000298023224,0.07158302515745163,14035200,MGLU3.SA,0.10196107,0.06800387054681778,-0.00357915461063385,0.0
2015-09-15,0.06812500208616257,0.06875000149011612,0.06562499701976776,0.06562499701976776,0.0626351460814476,19235200,MGLU3.SA,0.09450665,0.06621430069208145,0.00357915461063385,0.0
2015-09-16,0.0665619969367981,0.07062499970197678,0.0665619969367981,0.06937500089406967,0.06621430069208145,18851200,MGLU3.SA,0.099523164,0.06800387054681778,0.0017895698547363281,0.0
2015-09-24,0.05906200036406517,0.06343699991703033,0.05843700096011162,0.06093699857592583,0.05816072225570679,13756800,MGLU3.SA,0.097572275,0.05607336759567261,-0.0020873546600341797,0.0
2015-09-30,0.057186998426914215,0.057500001043081284,0.054999999701976776,0.05624999850988388,0.053687263280153275,12787200,MGLU3.SA,0.08577679,0.0490267351269722,-0.004660528153181076,0.0
2015-10-02,0.05195299908518791,0.0521089993417263,0.049414001405239105,0.05078100040555,0.04846743121743202,228428800,MGLU3.SA,0.11611981,0.052195485681295395,0.003728054463863373,0.0
2015-10-06,0.054687000811100006,0.05929600074887276,0.054687000811100006,0.056678999215364456,0.05409672483801842,33382400,MGLU3.SA,0.13006157,0.058011829853057854,0.003915105015039437,0.0
2015-10-16,0.052538998425006866,0.052538998425006866,0.05050700157880783,0.05050700157880783,0.0482059121131897,52403200,MGLU3.SA,0.09339069,0.04753494635224342,-0.0006709657609462738,0.0
2015-11-03,0.04652300104498863,0.04710900038480759,0.044178999960422516,0.04425700008869171,0.04224066063761711,73292800,MGLU3.SA,0.08190845,0.04384411871433258,0.0016034580767154694,0.0
2015-11-05,0.04593700170516968,0.04765599966049194,0.04464799910783768,0.04605399817228317,0.04395579546689987,75750400,MGLU3.SA,0.093811624,0.04220344498753548,-0.0017523504793643951,0.0
2015-11-23,0.04128900170326233,0.04144499823451042,0.04031199961900711,0.04035099968314171,0.038512617349624634,35276800,MGLU3.SA,0.086373515,0.039967186748981476,0.001454569399356842,0.0
2015-11-30,0.039257001131772995,0.03933500126004219,0.03449200093746185,0.03449200093746185,0.03292055428028107,89088000,MGLU3.SA,0.07587794,0.029826261103153225,-0.0030942931771278416,0.0
2015-12-08,0.03273399919271469,0.03273399919271469,0.030820000916719437,0.031053999438881874,0.029639190062880516,56908800,MGLU3.SA,0.07053838,0.030235709622502323,0.0005965195596218074,0.0
2015-12-21,0.04257800057530403,0.04281200096011162,0.039413999766111374,0.03945299983024597,0.0376555398106575,62873600,MGLU3.SA,0.122374654,0.040563713759183884,0.0029081739485263824,0.0
2015-12-23,0.04257800057530403,0.04609299823641777,0.04257800057530403,0.04609299823641777,0.0439930222928524,93337600,MGLU3.SA,0.12951379,0.0603979341685772,0.0164049118757248,0.0
2016-01-07,0.0625,0.0625,0.05117100104689598,0.0560929998755455,0.05353742837905884,226688000,MGLU3.SA,0.13408245,0.053761713206768036,0.000224284827709198,0.0
2016-01-18,0.056678999215364456,0.06023399904370308,0.05546800047159195,0.05546800047159195,0.05294089391827583,34790400,MGLU3.SA,0.07064158,0.051822297275066376,-0.0011185966432094574,0.0
2016-01-21,0.05370999872684479,0.05542900040745735,0.0535149984061718,0.0535149984061718,0.051076874136924744,15308800,MGLU3.SA,0.052072823,0.04753494635224342,-0.00354192778468132,0.0
2016-01-27,0.05046800151467323,0.05167900025844574,0.050429001450538635,0.05070300027728081,0.04839298129081726,12851200,MGLU3.SA,0.053843845,0.047908131033182144,-0.0004848502576351166,0.0
2016-02-02,0.05644499883055687,0.05890600010752678,0.054687000811100006,0.054687000811100006,0.052195485681295395,25318400,MGLU3.SA,0.066745915,0.05405949428677559,0.001864008605480194,0.0
2016-02-05,0.05683499947190285,0.05796800181269646,0.05370999872684479,0.05398400127887726,0.051524508744478226,21504000,MGLU3.SA,0.06709138,0.05010811612010002,-0.0014163926243782043,0.0
2016-02-17,0.07445300370454788,0.0768750011920929,0.06621000170707703,0.06621000170707703,0.06319349259138107,86144000,MGLU3.SA,0.11439244,0.06647486984729767,0.0032813772559165955,0.0
2016-02-29,0.07421799749135971,0.08355399966239929,0.07421799749135971,0.07695300132036209,0.07344703376293182,50918400,MGLU3.SA,0.11676181,0.07754826545715332,0.004101231694221497,0.0
2016-03-11,0.10546799749135971,0.10722599923610687,0.10531199723482132,0.1055070012807846,0.10070013999938965,17971200,MGLU3.SA,0.147217,0.1043919175863266,0.0036917775869369507,0.0
2016-03-14,0.10605400055646896,0.11015599966049194,0.10453099757432938,0.109375,0.1043919175863266,50969600,MGLU3.SA,0.14133905,0.10301177948713303,-0.001380138099193573,0.0
2016-03-17,0.1132809966802597,0.1171870008111,0.11132799834012985,0.11175700277090073,0.10666538029909134,46438400,MGLU3.SA,0.1513574,0.1025269404053688,-0.004138439893722534,0.0
2016-03-22,0.1171870008111,0.12101499736309052,0.11683499813079834,0.1199209988117218,0.11445743590593338,83225600,MGLU3.SA,0.17053552,0.11781325191259384,0.0033558160066604614,0.0
2016-03-29,0.11675699800252914,0.12062499672174454,0.1107809990644455,0.11804600059986115,0.11266785860061646,42854400,MGLU3.SA,0.15568338,0.11333978176116943,0.0006719231605529785,0.0
2016-04-19,0.1121089980006218,0.1132809966802597,0.11163999885320663,0.11234299838542938,0.10722468048334122,14592000,MGLU3.SA,0.14310557,0.10830607265233994,0.0010813921689987183,0.0
2016-04-20,0.11320299655199051,0.11367099732160568,0.109375,0.11347600072622299,0.10830607265233994,58393600,MGLU3.SA,0.1376726,0.10752342641353607,-0.0007826462388038635,0.0
2016-04-22,0.11214800179004669,0.11308500170707703,0.11167900264263153,0.11265599727630615,0.10752342641353607,23014400,MGLU3.SA,0.13823712,0.10673984885215759,-0.000783577561378479,0.0
2016-05-04,0.1367180049419403,0.1367180049419403,0.1251949965953827,0.1251949965953827,0.11949115991592407,62822400,MGLU3.SA,0.16258635,0.1062559261918068,-0.013235233724117279,0.0
2016-05-05,0.12558500468730927,0.1289059966802597,0.11132799834012985,0.11132799834012985,0.1062559261918068,44185600,MGLU3.SA,0.14674999,0.12676110863685608,0.020505182445049286,0.0
2016-05-10,0.13718700408935547,0.13859300315380096,0.13515600562095642,0.1367180049419403,0.13048917055130005,16281600,MGLU3.SA,0.18561812,0.1316078007221222,0.0011186301708221436,0.0
2016-05-13,0.1328119933605194,0.13495999574661255,0.13085900247097015,0.13136699795722961,0.1253819763660431,21913600,MGLU3.SA,0.16520126,0.12705987691879272,0.0016779005527496338,0.0
2016-05-27,0.1318349987268448,0.13437500596046448,0.13124999403953552,0.13124999403953552,0.1252702921628952,17996800,MGLU3.SA,0.15490106,0.12851347029209137,0.003243178129196167,0.0
2016-06-08,0.15038999915122986,0.1511709988117218,0.1460929960012436,0.1486320048570633,0.14186038076877594,49920000,MGLU3.SA,0.18817838,0.14051842689514163,-0.0013419538736343106,0.0
2016-06-09,0.1485929936170578,0.1486320048570633,0.14167900383472443,0.1472260057926178,0.1405184268951416,23500800,MGLU3.SA,0.17757921,0.13716262578964236,-0.00335580110549924,0.0
2016-06-14,0.13707000017166138,0.13753899931907654,0.13109299540519714,0.13605399429798126,0.1298554241657257,97459200,MGLU3.SA,0.17497693,0.1297065168619156,-0.00014890730381011963,0.0
2016-06-16,0.13515600562095642,0.13570299744606018,0.13234299421310425,0.13242100179195404,0.12638790905475616,16998400,MGLU3.SA,0.17706078,0.13309957087039948,0.0067116618156433105,0.0
2016-06-21,0.14378899335861206,0.14757800102233887,0.1431249976158142,0.1471869945526123,0.14048121869564056,59571200,MGLU3.SA,0.18416198,0.13999633491039276,-0.00048488378524780273,0.0
2016-07-07,0.1523430049419403,0.15566399693489075,0.1523430049419403,0.15468700230121613,0.14763949811458588,13312000,MGLU3.SA,0.17935634,0.1558419764041901,0.008202478289604215,0.0
2016-07-11,0.1653899997472763,0.1666789948940277,0.16066400706768036,0.1626559942960739,0.15524543821811676,58163200,MGLU3.SA,0.19338293,0.1558419764041901,0.000596538186073331,0.0
2016-07-21,0.16769500076770782,0.16972599923610687,0.16757799685001373,0.1679680049419403,0.16031543910503387,42137600,MGLU3.SA,0.19127093,0.16042704880237582,0.0001116096973419467,0.0
2016-08-04,0.1796869933605194,0.19570299983024597,0.17906199395656586,0.1953119933605194,0.18641361594200134,185139200,MGLU3.SA,0.25482315,0.1975987255573273,0.011185109615325955,0.0
2016-08-12,0.23042899370193481,0.234375,0.22847600281238556,0.23425699770450592,0.22358430922031403,22451200,MGLU3.SA,0.2751984,0.22164586186408997,-0.00193844735622406,0.0
2016-08-19,0.24375000596046448,0.24437500536441803,0.23886699974536896,0.2394530028104782,0.22854360938072205,16614400,MGLU3.SA,0.2628119,0.23040761053562167,0.001864001154899625,0.0
2016-08-22,0.2394530028104782,0.2446870058774948,0.2358199954032898,0.24140599370002747,0.23040761053562164,54681600,MGLU3.SA,0.2574601,0.23450885713100436,0.004101246595382718,0.0
2016-08-23,0.24050700664520264,0.24663999676704407,0.24050700664520264,0.24570299685001373,0.23450885713100433,42291200,MGLU3.SA,0.27131823,0.23450885713100436,2.7755575615628914e-17,0.0
2016-09-05,0.2578119933605194,0.25976499915122986,0.2577340006828308,0.2577340006828308,0.24599172174930573,10905600,MGLU3.SA,0.30312636,0.2464393526315689,0.0004476308822631836,0.0
2016-09-14,0.24464799463748932,0.2446870058774948,0.23894500732421875,0.24050700664520264,0.2295495718717575,36864000,MGLU3.SA,0.25770035,0.23137637972831726,0.0018268078565597534,0.0
2016-09-16,0.24164000153541565,0.24671800434589386,0.23125000298023224,0.24413999915122986,0.23301708698272705,29286400,MGLU3.SA,0.26282167,0.23935547471046448,0.006338387727737427,0.0
2016-09-21,0.2554680109024048,0.2731640040874481,0.2554680109024048,0.2723039984703064,0.2598978877067566,70937600,MGLU3.SA,0.29761142,0.2625827193260193,0.0026848316192626953,0.0
2016-09-26,0.27285099029541016,0.2778509855270386,0.27285099029541016,0.2778509855270386,0.2651922106742859,26521600,MGLU3.SA,0.2924134,0.27701103687286377,0.01181882619857788,0.0
2016-09-27,0.27925699949264526,0.2906250059604645,0.27804601192474365,0.2902339994907379,0.27701103687286377,52224000,MGLU3.SA,0.30462942,0.2796204686164856,0.002609431743621826,0.0
2016-09-28,0.2917180061340332,0.29492101073265076,0.28691399097442627,0.2929680049419403,0.2796204686164856,31308800,MGLU3.SA,0.320478,0.28014257550239563,0.0005221068859100342,0.0
2016-10-11,0.3605459928512573,0.3646480143070221,0.3400000035762787,0.3530069887638092,0.33692410588264465,63539200,MGLU3.SA,0.38796547,0.3299528956413269,-0.006971210241317749,0.0
2016-10-21,0.35628899931907654,0.3636319935321808,0.35492101311683655,0.3633590042591095,0.34680449962615967,26419200,MGLU3.SA,0.38196963,0.366191029548645,0.01938652992248535,0.0
2016-10-25,0.38363200426101685,0.39140599966049194,0.3242180049419403,0.3242180049419403,0.30944669246673584,79078400,MGLU3.SA,0.36458862,0.2591152787208557,-0.05033141374588013,0.0
2016-11-08,0.3632810115814209,0.3709369897842407,0.3554680049419403,0.37074199318885803,0.3538511395454407,21632000,MGLU3.SA,0.39005667,0.3653339445590973,0.011482805013656616,0.0
2016-11-14,0.375,0.375,0.3595699965953827,0.3597649931907654,0.34337425231933594,14412800,MGLU3.SA,0.3715956,0.34154748916625977,-0.0018267631530761719,0.0
2016-11-23,0.37691399455070496,0.38464799523353577,0.3699209988117218,0.3843350112438202,0.3668248653411865,28851200,MGLU3.SA,0.3921699,0.3631340563297272,-0.0036908090114593506,0.0
2016-12-02,0.3916400074958801,0.3918749988079071,0.37722599506378174,0.3867180049419403,0.3690992593765259,30745600,MGLU3.SA,0.38446298,0.3646257817745209,-0.004473477602005005,0.0
2016-12-06,0.3791399896144867,0.3982419967651367,0.37734299898147583,0.3982419967651367,0.38009825348854065,32665600,MGLU3.SA,0.40264997,0.38158905506134033,0.0014908015727996826,0.0
2016-12-15,0.404803991317749,0.4175780117511749,0.40429601073265076,0.41464799642562866,0.3957567512989044,33945600,MGLU3.SA,0.4291924,0.3989255130290985,0.003168761730194092,0.0
2016-12-29,0.4179289937019348,0.4179289937019348,0.4066010117530823,0.41472598910331726,0.39583122730255127,8268800,MGLU3.SA,0.42314595,0.3792029321193695,-0.016628295183181763,0.0
2017-01-02,0.4102729856967926,0.41195300221443176,0.3973039984703064,0.3973039984703064,0.3792029321193695,16025600,MGLU3.SA,0.40707344,0.3780471682548523,-0.001155763864517212,0.0
2017-01-10,0.3695310056209564,0.3828119933605194,0.36917901039123535,0.3766010105609894,0.35944312810897827,19968000,MGLU3.SA,0.38225636,0.36350715160369873,0.004064023494720459,0.0
2017-01-11,0.3748820126056671,0.3839839994907379,0.3748820126056671,0.38085898756980896,0.36350715160369873,28748800,MGLU3.SA,0.3941012,0.3877413868904114,0.024234235286712646,0.0
2017-01-12,0.38593700528144836,0.40816399455070496,0.38503900170326233,0.40625,0.3877413868904114,41216000,MGLU3.SA,0.42580533,0.39519745111465454,0.007456064224243164,0.0
2017-01-13,0.4062100052833557,0.41749998927116394,0.40312498807907104,0.4140619933605194,0.39519745111465454,23168000,MGLU3.SA,0.4428837,0.3874054551124573,-0.007791996002197266,0.0
2017-01-16,0.4126169979572296,0.4126169979572296,0.4033980071544647,0.40589800477027893,0.3874054551124573,19046400,MGLU3.SA,0.42257982,0.39519745111465454,0.007791996002197266,0.0
2017-01-17,0.40625,0.4150780141353607,0.4033200144767761,0.4140619933605194,0.39519745111465454,19046400,MGLU3.SA,0.4103581,0.3972476124763489,0.002050161361694336,0.0
2017-01-18,0.4140619933605194,0.4179289937019348,0.41347599029541016,0.41620999574661255,0.3972476124763489,10419200,MGLU3.SA,0.41887462,0.400417298078537,0.0031696856021881104,0.0
2017-02-07,0.5469139814376831,0.5556250214576721,0.5429679751396179,0.546875,0.5219594836235046,14233600,MGLU3.SA,0.5783379,0.510774552822113,-0.011184930801391602,0.0
2017-02-14,0.6003900170326233,0.6266400218009949,0.5820310115814209,0.5839840173721313,0.5573778748512268,24140800,MGLU3.SA,0.6328058,0.5741550326347351,0.0167771577835083,0.0
2017-02-16,0.6058589816093445,0.6123819947242737,0.5987499952316284,0.609375,0.5816120505332947,26521600,MGLU3.SA,0.60570335,0.6097604036331177,0.028148353099822998,0.0
2017-02-24,0.7921479940414429,0.8515620231628418,0.7623429894447327,0.8129289746284485,0.7758922576904297,39782400,MGLU3.SA,0.8226753,0.8015800714492798,0.025687813758850098,0.0
2017-03-10,0.741366982460022,0.7421870231628418,0.6675000190734863,0.6679679751396179,0.6375356316566467,29568000,MGLU3.SA,0.729648,0.6340308785438538,-0.0035047531127929688,0.0
2017-03-21,0.7655850052833557,0.7655850052833557,0.7112100124359131,0.71875,0.6860040426254272,27392000,MGLU3.SA,0.7102435,0.6798888444900513,-0.0061151981353759766,0.0
2017-03-22,0.720350980758667,0.7245699763298035,0.7043750286102295,0.7123429775238037,0.6798888444900513,15923200,MGLU3.SA,0.68486357,0.7046451568603516,0.024756312370300293,0.0
2017-03-27,0.7006639838218689,0.7089840173721313,0.6904289722442627,0.7089840173721313,0.6766828298568726,17792000,MGLU3.SA,0.6855806,0.6586011052131653,-0.018081724643707275,0.0
2017-04-06,0.7225000262260437,0.734375,0.7214059829711914,0.734375,0.70091712474823,10880000,MGLU3.SA,0.7232989,0.6992391347885132,-0.0016779899597167969,0.0
2017-04-07,0.7260540127754211,0.7390620112419128,0.7247260212898254,0.7326170206069946,0.6992391347885132,11980800,MGLU3.SA,0.7199975,0.689732015132904,-0.00950711965560913,0.0
2017-04-10,0.7305070161819458,0.7305459976196289,0.7109760046005249,0.7226560115814209,0.689732015132904,11494400,MGLU3.SA,0.7005021,0.6983438730239868,0.008611857891082764,0.0
2017-04-12,0.7215229868888855,0.7233200073242188,0.6967179775238037,0.7010539770126343,0.6691141724586487,22041600,MGLU3.SA,0.6873822,0.6413018107414246,-0.02781236171722412,0.0
2017-04-20,0.8046479821205139,0.8371090292930603,0.7973819971084595,0.8367180228233337,0.7985974550247192,16614400,MGLU3.SA,0.83222497,0.7829388976097107,-0.015658557415008545,0.0
2017-04-24,0.8404290080070496,0.8749600052833557,0.8072260022163391,0.8203120231628418,0.7829388976097107,33971200,MGLU3.SA,0.8146527,0.7810747027397156,-0.0018641948699951172,0.0
2017-05-02,0.8905850052833557,0.9030849933624268,0.8672260046005249,0.8944529891014099,0.8578678369522095,18406400,MGLU3.SA,0.9007068,0.8616888523101808,0.0038210153579713024,0.0
2017-05-03,0.8964840173721313,0.9099599719047546,0.8739449977874756,0.8984370231628418,0.8616888523101807,18662400,MGLU3.SA,0.8787421,0.85044926404953,-0.011239588260650635,0.0
2017-05-12,1.0293350219726562,1.0546870231628418,1.0082809925079346,1.035156011581421,0.9928158521652222,32972800,MGLU3.SA,0.99971324,1.0209144353866577,0.028098583221435547,0.0
2017-05-16,1.0646480321884155,1.1033200025558472,1.0646480321884155,1.1015620231628418,1.056505799293518,23193600,MGLU3.SA,1.1167655,1.0510358810424805,-0.005469918251037598,0.0
2017-05-18,0.9648039937019348,0.9821869730949402,0.8990619778633118,0.9179679751396179,0.8804211020469666,47078400,MGLU3.SA,0.87251663,0.9309991002082825,0.0,-0.05057799816131592
2017-05-24,0.953125,0.9863280057907104,0.953125,0.9753119945526123,0.9354195594787598,20428800,MGLU3.SA,1.0149276,0.9318602681159974,-0.00355929136276234,0.0
2017-06-02,0.9804679751396179,0.9858980178833008,0.9316400289535522,0.9433590173721313,0.904773473739624,41625600,MGLU3.SA,0.91018313,0.8878771066665649,-0.016896367073059082,0.0
2017-06-29,0.950859010219574,0.9726560115814209,0.9446089863777161,0.9706249833106995,0.9309242367744446,20428800,MGLU3.SA,0.9295672,0.9590978026390077,0.0,-0.0281735658645631
2017-07-07,1.0117180347442627,1.1210930347442627,1.0117180347442627,1.1151950359344482,1.069581151008606,71193600,MGLU3.SA,1.0810152,1.1157751083374023,0.04619395732879639,0.0
2017-07-27,1.359375,1.3613280057907104,1.3286319971084595,1.3594529628753662,1.303848385810852,23270400,MGLU3.SA,1.3481244,1.3735698461532593,0.06972146034240723,0.0
2017-08-03,1.472656011581421,1.472656011581421,1.4316400289535522,1.4548430442810059,1.3953367471694946,45260800,MGLU3.SA,1.4249872,1.4723647832870483,0.07702803611755371,0.0
2017-08-11,1.546875,1.617069959640503,1.546875,1.617069959640503,1.5509282350540161,43801600,MGLU3.SA,1.568768,1.6696542501449585,0.11872601509094238,0.0
2017-08-15,1.7730070352554321,1.8139450550079346,1.7520309686660767,1.774453043937683,1.701874017715454,49408000,MGLU3.SA,1.8228408,1.8357725143432617,0.13389849662780762,0.0
2017-08-17,1.984375,1.988163948059082,1.7265620231628418,1.7617180347442627,1.689659833908081,98355200,MGLU3.SA,1.7863129,1.7158852815628052,0.02622544765472412,0.0
2017-08-21,1.8050780296325684,1.875,1.8050780296325684,1.847656011581421,1.7720826864242554,50892800,MGLU3.SA,1.7818965,1.7532371282577515,-0.018845558166503906,0.0
2017-08-29,1.9179680347442627,1.9472650289535522,1.898476004600525,1.9375,1.8582520484924316,18176000,MGLU3.SA,1.9110501,1.9294342994689941,0.0711822509765625,0.0
2017-09-04,2.210937023162842,2.429687023162842,2.1679680347442627,2.4288671016693115,2.3295209407806396,67532800,MGLU3.SA,2.3377483,2.457688093185425,0.12816715240478516,0.0
2017-09-18,2.6675000190734863,2.6675000190734863,2.411250114440918,2.539062023162842,2.435208320617676,73337600,MGLU3.SA,2.5777311,2.363276481628418,-0.07193183898925781,0.0
2017-09-20,2.5203120708465576,2.5284368991851807,2.3303120136260986,2.359375,2.262871265411377,90204800,MGLU3.SA,2.2794816,2.281752824783325,0.018881559371948242,0.0
2017-09-26,2.253124952316284,2.354374885559082,2.141249895095825,2.3121869564056396,2.2176132202148438,84108800,MGLU3.SA,2.2073572,2.0473735332489014,0.0,0.17023968696594238
2017-09-29,2.1812500953674316,2.328125,2.171875,2.3190619945526123,2.2242071628570557,159680000,MGLU3.SA,2.283041,2.3342039585113525,0.10999679565429688,0.0
2017-10-03,2.458125114440918,2.513437032699585,2.375,2.4684369564056396,2.3674726486206055,80598400,MGLU3.SA,2.4703493,2.382758617401123,0.015285968780517578,0.0
2017-10-05,2.484375,2.5,2.4131250381469727,2.450000047683716,2.3497893810272217,68313600,MGLU3.SA,2.3304284,2.3887524604797363,0.0,-0.03896307945251465
2017-10-09,2.515625,2.5218749046325684,2.4075000286102295,2.4309370517730713,2.3315060138702393,38844800,MGLU3.SA,2.3511367,2.38635516166687,0.05484914779663086,0.0
2017-10-10,2.448436975479126,2.4906249046325684,2.418750047683716,2.4881250858306885,2.38635516166687,29324800,MGLU3.SA,2.3562753,2.3078291416168213,0.0,0.07852602005004883
2017-10-13,2.1624999046325684,2.2859370708465576,2.1500000953674316,2.2718749046325684,2.178950071334839,169635200,MGLU3.SA,2.060916,2.0770461559295654,0.0,0.10190391540527344
2017-10-18,2.0515620708465576,2.2100000381469727,2.0253119468688965,2.2100000381469727,2.1196060180664062,163520000,MGLU3.SA,2.108293,2.0977256298065186,0.0,0.021880388259887695
2017-10-31,2.0,2.0250000953674316,1.9315619468688965,1.9921870231628418,1.9107019901275635,49993600,MGLU3.SA,1.8977929,2.007810592651367,0.0,-0.09710860252380371
2017-11-02,2.0934369564056396,2.0934369564056396,2.0934369564056396,2.0934369564056396,2.007810592651367,0,MGLU3.SA,2.0843189,1.8441646099090574,-0.1636459827423098,0.0
2017-11-03,2.09375,2.1090619564056396,1.8937499523162842,1.9228119850158691,1.8441646099090576,118854400,MGLU3.SA,1.8294991,1.708392858505249,0.0,0.1357717514038086
2017-11-08,1.625,1.7246869802474976,1.6218750476837158,1.722499966621399,1.6520460844039917,105136000,MGLU3.SA,1.647754,1.55014169216156,0.0,0.10190439224243164
2017-11-10,1.6171870231628418,1.6678119897842407,1.4956250190734863,1.5331250429153442,1.470416784286499,130512000,MGLU3.SA,1.5259587,1.532758116722107,0.06234133243560791,0.0
2017-11-14,1.6231249570846558,1.7340619564056396,1.6143749952316284,1.716249942779541,1.6460515260696411,120995200,MGLU3.SA,1.7002857,1.6460515260696411,0.0,0.0
2017-11-16,1.7659369707107544,1.8434369564056396,1.7409369945526123,1.78125,1.708392858505249,121206400,MGLU3.SA,1.7439785,1.7773280143737793,0.06893515586853027,0.0
2017-11-20,1.853124976158142,1.853124976158142,1.853124976158142,1.853124976158142,1.7773280143737793,0,MGLU3.SA,1.7832569,1.8162912130355835,0.0389631986618042,0.0
2017-11-22,1.8909369707107544,1.918125033378601,1.7878119945526123,1.8853119611740112,1.8081985712051392,89145600,MGLU3.SA,1.7580371,1.759644150733948,0.0,0.048554420471191184
2017-12-05,1.7937500476837158,1.8278119564056396,1.7612500190734863,1.796875,1.7233786582946777,50150400,MGLU3.SA,1.7450271,1.747655510902405,0.024276852607727273,0.0
2017-12-15,2.1734371185302734,2.184375047683716,2.1378118991851807,2.1690618991851807,2.0803422927856445,33945600,MGLU3.SA,2.1100986,2.061760187149048,-0.01858210563659668,0.0
2017-12-25,2.2768750190734863,2.2768750190734863,2.2768750190734863,2.2768750190734863,2.1967477798461914,0,MGLU3.SA,2.249883,2.2760424613952637,0.07929468154907227,0.0
2017-12-28,2.4593749046325684,2.5068750381469727,2.4315619468688965,2.5068750381469727,2.418653964996338,91926400,MGLU3.SA,2.473242,2.418653964996338,0.0,0.0
2018-01-02,2.528125047683716,2.5743749141693115,2.4503118991851807,2.4781250953674316,2.390915870666504,59427200,MGLU3.SA,2.4013972,2.3607656955718994,-0.030150175094604492,0.0
2018-01-10,2.393125057220459,2.453125,2.3637499809265137,2.421875,2.3366453647613525,34764800,MGLU3.SA,2.3267772,2.3408660888671875,0.0,-0.004220724105834961
2018-01-19,2.426875114440918,2.456249952316284,2.398437023162842,2.398437023162842,2.3140323162078857,17628800,MGLU3.SA,2.3102267,2.32157039642334,0.0,-0.0075380802154541016
2018-01-29,2.5625,2.643749952316284,2.531874895095825,2.643749952316284,2.5507118701934814,25881600,MGLU3.SA,2.5227356,2.5525214672088623,0.0,-0.0018095970153808594
2018-01-30,2.6396870613098145,2.702500104904175,2.6050000190734863,2.645625114440918,2.5525214672088623,35952000,MGLU3.SA,2.5414565,2.549506425857544,0.0,0.0030150413513183594
2018-02-01,2.6343750953674316,2.6871869564056396,2.6343750953674316,2.6831250190734863,2.5887014865875244,27808000,MGLU3.SA,2.5563047,2.5284011363983154,0.0,0.060300350189208984
2018-02-02,2.6781249046325684,2.6781249046325684,2.609375,2.6206250190734863,2.5284011363983154,31532800,MGLU3.SA,2.5192714,2.4310150146484375,0.0,0.09738612174987793
2018-02-19,2.487186908721924,2.570625066757202,2.471874952316284,2.570625066757202,2.4801604747772217,28300800,MGLU3.SA,2.5007634,2.5021698474884033,0.02200937271118164,0.0
2018-02-23,2.6890621185302734,2.7325000762939453,2.6624999046325684,2.7184369564056396,2.6227707862854004,188371200,MGLU3.SA,2.6557393,2.8437724113464355,0.22100162506103516,0.0
2018-03-05,2.8968749046325684,2.901249885559082,2.8112499713897705,2.825000047683716,2.725583791732788,37664000,MGLU3.SA,2.7672265,2.688800096511841,-0.036783695220947266,0.0
2018-03-13,2.90625,2.9281249046325684,2.8165619373321533,2.8609371185302734,2.760256290435791,47337600,MGLU3.SA,2.8243876,2.7044785022735596,-0.055777788162231445,0.0
2018-03-20,2.859375,2.8790619373321533,2.809375047683716,2.8125,2.7135236263275146,28355200,MGLU3.SA,2.7322214,2.803974151611328,0.09045052528381348,0.0
2018-03-22,2.9100000858306885,2.9962499141693115,2.875,2.9809370040893555,2.876032829284668,52374400,MGLU3.SA,2.8937836,2.8582446575164795,-0.017788171768188477,0.0
2018-03-23,2.969374895095825,3.0228118896484375,2.953125,2.9625000953674316,2.8582446575164795,40304000,MGLU3.SA,2.9246116,3.015026092529297,0.15678143501281738,0.0
2018-03-26,3.0,3.125,2.9884369373321533,3.125,3.015026092529297,78054400,MGLU3.SA,2.9999945,2.915530204772949,0.0,0.09949588775634766
2018-04-03,3.0896871089935303,3.1081249713897705,3.03125,3.03125,2.9245753288269043,45507200,MGLU3.SA,2.9547176,2.9095001220703125,-0.015075206756591797,0.0
2018-04-17,3.034374952316284,3.049686908721924,3.0012500286102295,3.03125,2.932640552520752,25520000,MGLU3.SA,2.893572,2.8933372497558594,0.0,0.03930330276489258
2018-04-23,3.034374952316284,3.121875047683716,3.008436918258667,3.1209371089935303,3.0194101333618164,40422400,MGLU3.SA,3.023616,3.0568997859954834,0.03748965263366699,0.0
2018-04-25,3.124375104904175,3.1809370517730713,3.0793750286102295,3.1700000762939453,3.0668768882751465,28902400,MGLU3.SA,3.0513072,3.159390926361084,0.0,-0.0925140380859375
2018-04-27,3.2809369564056396,3.3375000953674316,3.239375114440918,3.2906250953674316,3.1835780143737793,69017600,MGLU3.SA,3.1876326,3.2262065410614014,0.04262852668762207,0.0
2018-05-04,3.0625,3.1246869564056396,2.9906249046325684,3.0531249046325684,2.953803777694702,61852800,MGLU3.SA,2.8869066,2.928105115890503,0.0,0.02569866180419922
2018-05-08,3.2703120708465576,3.4684369564056396,3.200000047683716,3.4684369564056396,3.3556056022644043,165046400,MGLU3.SA,3.4040644,3.4051883220672607,0.049582719802856445,0.0
2018-05-14,3.424999952316284,3.458750009536743,3.2940618991851807,3.3796870708465576,3.269742727279663,47523200,MGLU3.SA,3.1882086,3.2189505100250244,0.0,0.05079221725463867
2018-05-23,3.5143749713897705,3.5403120517730713,3.438124895095825,3.4962499141693115,3.3825135231018066,45280000,MGLU3.SA,3.4578161,3.416072368621826,0.03355884552001953,0.0
2018-06-05,3.779062032699585,3.825000047683716,3.71875,3.781874895095825,3.658846855163574,71100800,MGLU3.SA,3.754739,3.456585168838501,-0.20226168632507324,0.0
2018-06-06,3.7718749046325684,3.7718749046325684,3.5637500286102295,3.572812080383301,3.456585168838501,75350400,MGLU3.SA,3.4429107,3.2168350219726562,0.0,0.23975014686584473
2018-06-11,3.3615620136260986,3.4618749618530273,3.284687042236328,3.3193750381469727,3.211392641067505,58880000,MGLU3.SA,3.3429587,3.3256752490997314,0.11428260803222656,0.0
2018-06-25,3.859687089920044,3.885936975479126,3.757812023162842,3.835937023162842,3.7111504077911377,73721600,MGLU3.SA,3.6542003,3.741081953048706,0.0,-0.02993154525756836
2018-07-02,3.9749999046325684,4.028124809265137,3.909374952316284,3.919687032699585,3.7921760082244873,32675200,MGLU3.SA,3.8738441,3.764965772628784,-0.027210235595703125,0.0
2018-07-10,3.84375,3.871875047683716,3.6762499809265137,3.6890621185302734,3.5690534114837646,63164800,MGLU3.SA,3.6277518,3.4620270729064946,-0.10702633857727006,0.0
2018-08-03,4.28125,4.311874866485596,4.228125095367432,4.28000020980835,4.140768051147461,43408000,MGLU3.SA,4.1640177,4.172210216522217,0.03144216537475586,0.0
2018-08-06,4.296875,4.32656192779541,4.23156213760376,4.3125,4.172210216522217,42947200,MGLU3.SA,4.1491404,4.4110541343688965,0.0,-0.2388439178466797
2018-08-10,4.534687042236328,4.5590620040893555,4.334687232971191,4.344686985015869,4.20335054397583,62515200,MGLU3.SA,4.225403,4.26291036605835,0.05955982208251953,0.0
2018-08-14,4.4553117752075195,4.46875,4.399686813354492,4.432499885559082,4.288305759429932,22796800,MGLU3.SA,4.298156,4.192465782165527,-0.0958399772644043,0.0
2018-08-15,4.375,4.387499809265137,4.29812479019165,4.333436965942383,4.192465782165527,39763200,MGLU3.SA,4.2150006,4.120813846588135,-0.07165193557739258,0.0
2018-08-17,4.25,4.28125,4.125,4.1765618324279785,4.040694236755371,44857600,MGLU3.SA,4.0348115,4.1833953857421875,0.0,-0.1427011489868164
2018-08-20,4.178124904632568,4.324061870574951,4.165625095367432,4.324061870574951,4.1833953857421875,30502400,MGLU3.SA,4.13679,4.004112720489502,0.0,0.17928266525268555
2018-08-22,4.183750152587891,4.244687080383301,4.064062118530273,4.195000171661377,4.05853271484375,35305600,MGLU3.SA,4.0558662,4.014089584350586,0.0,0.04444313049316406
2018-08-27,4.175000190734863,4.209374904632568,4.088125228881836,4.106874942779541,3.973273992538452,36502400,MGLU3.SA,3.9812248,3.9103891849517822,-0.06288480758666992,0.0
2018-08-31,4.062187194824219,4.074999809265137,3.9940619468688965,4.070312023162842,3.937901258468628,41846400,MGLU3.SA,3.880664,3.823316812515259,0.0,0.11458444595336914
2018-09-17,3.6240620613098145,3.726875066757202,3.6056249141693115,3.7153120040893555,3.594449043273926,28883200,MGLU3.SA,3.5488498,3.7619423866271973,0.0,-0.16749334335327148
2018-09-18,3.7093749046325684,3.90625,3.692811965942383,3.888437032699585,3.7619423866271973,49657600,MGLU3.SA,3.7382941,3.5980777740478516,0.0,0.1638646125793457
2018-09-28,3.859375,3.9231250286102295,3.820312023162842,3.8278119564056396,3.7032899856567383,34668800,MGLU3.SA,3.7003565,3.70752215385437,0.0,-0.004232168197631836
2018-10-01,3.85781192779541,3.8949999809265137,3.78125,3.8321869373321533,3.70752215385437,21481600,MGLU3.SA,3.6595798,3.9424359798431396,0.0,-0.23491382598876953
2018-10-09,4.62343692779541,4.749374866485596,4.580936908721924,4.693749904632568,4.54105806350708,48214400,MGLU3.SA,4.56661,4.343027591705322,-0.1980304718017578,0.0
2018-10-10,4.640625,4.682499885559082,4.4890618324279785,4.4890618324279785,4.343027591705322,53161600,MGLU3.SA,4.3633866,4.556173801422119,0.21314620971679688,0.0
2018-10-11,4.5625,4.742187023162842,4.56093692779541,4.709374904632568,4.556173801422119,66374400,MGLU3.SA,4.4801393,4.5350117683410645,0.0,0.021162033081054688
2018-10-29,5.1765618324279785,5.316562175750732,5.1115617752075195,5.20156192779541,5.032351493835449,44227200,MGLU3.SA,5.0856786,5.117609024047852,0.08525753021240234,0.0
2018-10-30,5.253125190734863,5.29562520980835,5.144999980926514,5.289687156677246,5.117609024047852,54121600,MGLU3.SA,5.1509604,5.10339879989624,-0.014210224151611328,0.0
2018-11-12,4.59375,4.861249923706055,4.540625095367432,4.79812479019165,4.642037868499756,53161600,MGLU3.SA,4.6772385,4.6381072998046875,-0.003930568695068359,0.0
2018-11-13,4.840624809265137,4.960937023162842,4.7678117752075195,4.79406213760376,4.6381072998046875,54566400,MGLU3.SA,4.8335724,4.701295375823975,0.06318807601928711,0.0
2018-11-14,4.823437213897705,4.884375095367432,4.672186851501465,4.859375,4.701295375823975,46508800,MGLU3.SA,4.72754,4.7315287590026855,0.030233383178710938,0.0
2018-12-04,5.095624923706055,5.2465620040893555,5.021249771118164,5.150000095367432,4.982465744018555,53331200,MGLU3.SA,4.885181,4.985791206359863,0.0,-0.0033254623413085938
2018-12-06,5.078125,5.195312023162842,5.048437118530273,5.166562080383301,4.998487949371338,23027200,MGLU3.SA,4.975742,4.968860626220703,0.0,0.029627323150634766
2018-12-12,5.150000095367432,5.256249904632568,5.150000095367432,5.25,5.079212665557861,27910400,MGLU3.SA,5.079255,5.064095973968506,-0.015116691589355469,0.0
2019-01-07,5.5625,5.702499866485596,5.539687156677246,5.661561965942383,5.495373725891113,21174400,MGLU3.SA,5.3913507,5.451088905334473,0.0,0.044284820556640625
2019-01-10,5.594061851501465,5.659375190734863,5.556250095367432,5.651562213897705,5.485668659210205,24432000,MGLU3.SA,5.4605184,5.387087821960449,0.0,0.09858083724975586
2019-01-11,5.65625,5.67312479019165,5.547186851501465,5.550000190734863,5.387087821960449,37481600,MGLU3.SA,5.4181952,5.429553031921387,0.0424652099609375,0.0
2019-01-23,5.124687194824219,5.317500114440918,5.0878119468688965,5.300000190734863,5.144425392150879,38249600,MGLU3.SA,5.0524144,5.080120086669922,0.0,0.06430530548095703
2019-01-29,5.253125190734863,5.615624904632568,5.250311851501465,5.565625190734863,5.402254104614258,51174400,MGLU3.SA,5.305565,5.343104362487793,0.0,0.059149742126464844
2019-02-19,5.25,5.374374866485596,5.237812042236328,5.301875114440918,5.146245956420898,30272000,MGLU3.SA,5.108029,4.929062843322754,0.0,0.21718311309814453
2019-03-06,5.4734368324279785,5.479687213897705,5.348124980926514,5.362812042236328,5.2053937911987305,15523200,MGLU3.SA,5.2109227,5.373437881469727,0.1680440902709961,0.0
2019-03-12,5.65625,5.672186851501465,5.560625076293945,5.589062213897705,5.425002574920654,22624000,MGLU3.SA,5.440117,5.37738037109375,-0.0476222038269043,0.0
2019-03-15,5.5625,5.578125,5.484686851501465,5.537187099456787,5.374650955200195,25369600,MGLU3.SA,5.343925,5.472624778747559,0.0,-0.09797382354736328
2019-03-21,5.642187118530273,5.695312023162842,5.59375,5.695312023162842,5.528133392333984,31497600,MGLU3.SA,5.467368,5.256656646728516,0.0,0.27147674560546875
2019-03-27,5.46875,5.46875,5.198750019073486,5.25,5.095893859863281,51513600,MGLU3.SA,5.129399,5.180521488189697,0.08462762832641602,0.0
2019-04-03,5.24843692779541,5.398749828338623,5.2128119468688965,5.2834367752075195,5.1283488273620605,40563200,MGLU3.SA,5.0547366,5.12622594833374,0.0,0.0021228790283203125
2019-04-09,5.1921868324279785,5.261250019073486,5.109375,5.1971869468688965,5.044630527496338,33910400,MGLU3.SA,4.9925103,5.11712646484375,0.0,-0.07249593734741211
2019-04-11,5.262499809265137,5.262499809265137,5.125,5.1875,5.035228252410889,20828800,MGLU3.SA,4.994588,4.999738693237305,0.0,0.035489559173583984
2019-04-23,5.250311851501465,5.357500076293945,5.25,5.34375,5.19866418838501,16678400,MGLU3.SA,5.134345,5.243051052093506,0.0,-0.044386863708496094
2019-04-26,5.5,5.62343692779541,5.479374885559082,5.59218692779541,5.4403557777404785,37011200,MGLU3.SA,5.387169,5.4269795417785645,0.0,0.013376235961914062
2019-04-29,5.59375,5.625,5.539999961853027,5.578436851501465,5.4269795417785645,16448000,MGLU3.SA,5.4181623,5.814599514007568,0.0,-0.3876199722290039
2019-05-02,5.899062156677246,6.017187118530273,5.871874809265137,5.960625171661377,5.798791408538818,43356800,MGLU3.SA,5.8420987,5.966304302215576,0.1675128936767578,0.0
2019-05-07,6.296875,6.3221869468688965,5.977499961853027,6.0046868324279785,5.84165620803833,54857600,MGLU3.SA,5.885468,5.882699966430664,0.041043758392333984,0.0
2019-05-09,6.026875019073486,6.026875019073486,5.809374809265137,5.809374809265137,5.651648044586182,34588800,MGLU3.SA,5.6318192,5.669889450073242,0.0,-0.018241405487060547
2019-05-17,5.1584367752075195,5.400625228881836,5.1584367752075195,5.275625228881836,5.132389545440674,33945600,MGLU3.SA,5.140107,5.259467601776123,0.12707805633544922,0.0
2019-05-21,5.496250152587891,5.677812099456787,5.487812042236328,5.60656213760376,5.454341888427734,37299200,MGLU3.SA,5.560334,5.479878902435303,0.02553701400756836,0.0
2019-05-29,5.946875095367432,6.106249809265137,5.847187042236328,5.914687156677246,5.754100799560547,45321600,MGLU3.SA,5.838655,5.86415433883667,0.11005353927612305,0.0
2019-06-06,6.0625,6.0625,5.878125190734863,5.937811851501465,5.77659797668457,22060800,MGLU3.SA,5.7089734,6.033186435699463,0.0,-0.2565884590148926
2019-06-10,6.204061985015869,6.387499809265137,6.140625,6.328125,6.156313419342041,37593600,MGLU3.SA,6.1874776,6.298896312713623,0.14258289337158203,0.0
2019-06-11,6.375,6.546875,6.3640618324279785,6.474687099456787,6.298896312713623,36195200,MGLU3.SA,6.374952,6.1751627922058105,-0.1237335205078125,0.0
2019-06-24,6.630000114440918,6.684374809265137,6.519374847412109,6.561874866485596,6.3837175369262695,27094400,MGLU3.SA,6.458627,6.278223514556885,-0.10549402236938477,0.0
2019-06-25,6.53125,6.593437194824219,6.453125,6.453436851501465,6.278223514556885,33401600,MGLU3.SA,6.2943654,6.337202072143555,0.05897855758666992,0.0
2019-07-05,6.9375,7.130311965942383,6.88937520980835,7.065000057220459,6.87318229675293,31500800,MGLU3.SA,6.8504896,6.974114894866943,0.0,-0.10093259811401367
2019-07-08,7.065311908721924,7.224999904632568,7.037499904632568,7.168749809265137,6.974114894866943,30169600,MGLU3.SA,6.924849,7.098761558532715,0.0,-0.12464666366577148
2019-07-16,7.245312213897705,7.318437099456787,7.23281192779541,7.3125,7.113962173461914,22313600,MGLU3.SA,7.041484,7.429834842681885,0.0,-0.3158726692199707
2019-07-19,7.78125,7.793749809265137,7.439062118530273,7.439062118530273,7.237088203430176,48448000,MGLU3.SA,7.3565426,7.519822597503661,0.28273439407348544,0.0
2019-07-23,7.781875133514404,7.799375057220459,7.542187213897705,7.5625,7.357174873352051,36387200,MGLU3.SA,7.4209623,7.47300386428833,0.1158289909362793,0.0
2019-07-29,7.875,8.263750076293945,7.8328118324279785,8.243749618530273,8.019928932189941,46249600,MGLU3.SA,7.997568,8.042728424072266,0.0,-0.02279949188232422
2019-08-02,8.768750190734863,8.899686813354492,8.671875,8.860937118530273,8.62035846710205,45667200,MGLU3.SA,8.668822,8.390828132629395,-0.22953033447265625,0.0
2019-08-14,9.342499732971191,9.5625,9.145000457763672,9.237500190734863,8.98669719696045,52995600,MGLU3.SA,9.122899,8.831042289733887,-0.1556549072265625,0.0
2019-08-20,9.412500381469727,9.420000076293945,9.052499771118164,9.132499694824219,8.88454818725586,41342400,MGLU3.SA,9.006026,8.886980056762695,0.0024318695068359375,0.0
2019-08-21,9.192500114440918,9.305000305175781,9.135000228881836,9.135000228881836,8.886980056762695,25524400,MGLU3.SA,8.944044,8.373802185058594,-0.5131778717041016,0.0
2019-08-26,8.712499618530273,8.75,8.3125,8.425000190734863,8.196257591247559,38613600,MGLU3.SA,8.244466,8.320296287536621,0.1240386962890625,0.0
2019-08-30,9.399999618530273,9.482500076293945,8.977499961853027,9.072500228881836,8.826177597045898,44445600,MGLU3.SA,9.024683,8.90400505065918,0.07782745361328125,0.0
2019-09-04,9.164999961853027,9.300000190734863,9.087499618530273,9.300000190734863,9.047501564025879,31424800,MGLU3.SA,8.858358,8.925894737243652,0.0,0.12160682678222656
2019-09-12,8.75,8.84749984741211,8.470000267028809,8.75,8.512434005737305,50517200,MGLU3.SA,8.607037,8.29354190826416,-0.21889209747314453,0.0
2019-09-16,8.449999809265137,8.717499732971191,8.192500114440918,8.717499732971191,8.480814933776855,42700800,MGLU3.SA,8.295137,8.4759521484375,0.0,0.004862785339355469
2019-09-19,8.850000381469727,9.087499618530273,8.850000381469727,8.952500343322754,8.70943546295166,46304000,MGLU3.SA,8.687542,8.891845703125,0.0,-0.18241024017333984
2019-09-23,9.145000457763672,9.145000457763672,8.9350004196167,8.9975004196167,8.753213882446289,24673600,MGLU3.SA,8.745938,8.942919731140137,0.0,-0.18970584869384766
2019-09-26,9.202500343322754,9.317500114440918,9.1274995803833,9.142499923706055,8.894277572631836,27740400,MGLU3.SA,8.862908,8.950214385986328,0.0,-0.05593681335449219
2019-10-04,9.350000381469727,9.729999542236328,9.324999809265137,9.694999694824219,9.43177604675293,59760000,MGLU3.SA,9.332194,9.33935546875,0.0,0.09242057800292969
2019-10-07,9.649999618530273,9.9375,9.539999961853027,9.600000381469727,9.33935546875,39637200,MGLU3.SA,9.502372,9.259819984436035,-0.07953548431396484,0.0
2019-10-08,9.65999984741211,9.742500305175781,9.46500015258789,9.5,9.259819984436035,42653200,MGLU3.SA,9.3175955,9.66189193725586,0.4020719528198242,0.0
2019-11-05,11.329999923706055,11.569999694824219,10.880000114440918,11.010000228881836,10.731644630432129,72748800,MGLU3.SA,10.908142,11.014312744140625,0.2826681137084961,0.0
2019-12-02,11.362500190734863,11.412500381469727,11.130000114440918,11.229999542236328,10.94608211517334,39413200,MGLU3.SA,10.967143,10.865667343139648,-0.0804147720336914,0.0
2019-12-06,11.255000114440918,11.397500038146973,11.199999809265137,11.350000381469727,11.06304931640625,30212800,MGLU3.SA,11.037137,11.172704696655273,0.0,-0.10965538024902344
2019-12-09,11.350000381469727,11.625,11.329999923706055,11.462499618530273,11.172704696655273,51046000,MGLU3.SA,11.189659,11.355463981628418,0.18275928497314453,0.0
2019-12-16,12.3725004196167,12.470000267028809,12.164999961853027,12.324999809265137,12.013398170471191,42746000,MGLU3.SA,12.043544,11.667374610900879,-0.3460235595703125,0.0
2020-01-03,12.125,12.332500457763672,12.074999809265137,12.22249984741211,11.922435760498047,26737600,MGLU3.SA,11.941293,11.93218994140625,0.009754180908203125,0.0
2020-01-09,12.625,13.057499885559082,12.604999542236328,13.020000457763672,12.700357437133789,44120000,MGLU3.SA,12.638587,12.632074356079102,0.0,0.0682830810546875
2020-01-13,13.050000190734863,13.557499885559082,13.037500381469727,13.557499885559082,13.22465991973877,34307200,MGLU3.SA,13.115719,13.168573379516602,0.0,0.05608654022216797
2020-01-20,13.529999732971191,14.0,13.512499809265137,14.0,13.656296730041504,29623600,MGLU3.SA,13.53671,13.63434886932373,0.0,0.021947860717773438
2020-01-27,13.762499809265137,13.824999809265137,13.4375,13.449999809265137,13.11979866027832,30095200,MGLU3.SA,13.31808,13.89772129058838,0.7779226303100604,0.0
2020-01-31,13.90999984741211,14.287500381469727,13.800000190734863,13.949999809265137,13.607523918151855,38781200,MGLU3.SA,13.773824,13.785544395446777,0.17802047729492188,0.0
2020-02-12,13.632499694824219,14.137499809265137,13.5625,13.984999656677246,13.641664505004883,42104000,MGLU3.SA,13.612822,13.912352561950684,0.0,-0.2706880569458008
2020-02-14,14.399999618530273,14.489999771118164,14.0,14.082500457763672,13.736771583557129,36680000,MGLU3.SA,13.9779825,14.35130500793457,0.6145334243774414,0.0
2020-03-05,13.0,13.0,11.649999618530273,11.947500228881836,11.654186248779297,84786000,MGLU3.SA,11.9563875,11.054286003112793,-0.5999002456665039,0.0
2020-03-10,11.25,11.7524995803833,10.569999694824219,11.7475004196167,11.459096908569336,82114000,MGLU3.SA,11.0692835,10.505594253540039,0.0,0.9535026550292969
2020-03-26,10.15999984741211,11.100000381469727,10.0649995803833,10.279999732971191,10.027623176574707,91541200,MGLU3.SA,10.1406355,9.510636329650879,-0.5169868469238281,0.0
2020-04-01,9.350000381469727,9.782500267028809,9.017499923706055,9.369999885559082,9.13996410369873,73661200,MGLU3.SA,8.867738,8.752222061157227,0.0,0.3877420425415039
2020-04-09,10.704999923706055,10.925000190734863,10.3149995803833,10.412500381469727,10.156871795654297,51879600,MGLU3.SA,10.388833,10.22027587890625,0.06340408325195312,0.0
2020-04-29,13.149999618530273,13.22249984741211,12.537500381469727,12.654999732971191,12.55949592590332,67120400,MGLU3.SA,12.773415,12.331231117248535,-0.22826480865478516,0.0
2020-05-04,12.0,12.920000076293945,11.827500343322754,12.859999656677246,12.762948036193848,52352400,MGLU3.SA,12.457555,12.455288887023926,0.0,0.3076591491699219
2020-05-21,14.399999618530273,14.774999618530273,14.270000457763672,14.572500228881836,14.462523460388184,42508800,MGLU3.SA,14.429894,14.30373191833496,0.0,0.15879154205322443
2020-05-27,16.71500015258789,16.9424991607666,16.1875,16.84000015258789,16.71291160583496,56759600,MGLU3.SA,16.573168,16.18939208984375,0.0,0.5235195159912109
2020-05-28,16.8125,16.885000228881836,16.125,16.3125,16.18939208984375,54626400,MGLU3.SA,16.341385,15.966090202331543,-0.22330188751220703,0.0
2020-06-09,15.295000076293945,15.922499656677246,15.225000381469727,15.595000267028809,15.47730827331543,45904400,MGLU3.SA,15.517164,16.028120040893555,0.550811767578125,0.0
2020-06-10,15.75,16.264999389648438,15.28499984741211,16.149999618530273,16.028120040893555,79470000,MGLU3.SA,15.844438,15.866846084594727,0.0,0.16127395629882812
2020-06-19,17.7450008392334,17.934999465942383,17.604999542236328,17.850000381469727,17.715290069580078,80286000,MGLU3.SA,17.594437,17.59123420715332,0.0,0.12405586242675781
2020-06-24,17.549999237060547,17.895000457763672,17.049999237060547,17.450000762939453,17.318309783935547,42778400,MGLU3.SA,17.398285,17.291015625,-0.027294158935546875,0.0
2020-06-26,17.372499465942383,17.727500915527344,17.162500381469727,17.337499618530273,17.20665740966797,32971600,MGLU3.SA,17.270523,17.46965789794922,0.26300048828125,0.0
2020-07-03,17.549999237060547,18.012500762939453,17.325000762939453,18.0,17.86415672302246,28379600,MGLU3.SA,17.798365,17.861677169799805,0.0,0.00247955322265625
2020-07-06,18.202499389648438,18.295000076293945,17.899999618530273,17.997499465942383,17.861677169799805,32636000,MGLU3.SA,17.924213,18.53902816772461,0.6773509979248047,0.0
2020-07-08,18.8125,19.174999237060547,18.704999923706055,19.174999237060547,19.030290603637695,46795200,MGLU3.SA,18.871714,19.7001953125,0.0,-0.6699047088623047
2020-07-13,20.15250015258789,20.549999237060547,20.052499771118164,20.125,19.973121643066406,44514000,MGLU3.SA,20.098867,19.973121643066406,0.0,0.0
2020-07-20,20.59000015258789,21.790000915527344,20.52750015258789,21.75,21.585857391357422,43484800,MGLU3.SA,21.134008,20.915950775146484,0.0,0.6699066162109375
2020-07-21,22.177499771118164,22.375,20.93000030517578,21.075000762939453,20.915950775146484,61190000,MGLU3.SA,21.122192,21.002792358398438,0.08684158325195312,0.0
2020-07-31,21.049999237060547,21.1875,20.0,20.177499771118164,20.047889709472656,45544000,MGLU3.SA,20.34844,20.6060791015625,0.5581893920898438,0.0
2020-08-05,20.825000762939453,21.107500076293945,20.725000381469727,20.75,20.713390350341797,30304000,MGLU3.SA,20.819921,21.439607620239258,0.7262172698974609,0.0
2020-08-10,21.545000076293945,21.575000762939453,20.280000686645508,20.482500076293945,20.44636344909668,61277600,MGLU3.SA,20.80371,20.211776733398438,-0.2345867156982422,0.0
2020-08-13,20.149999618530273,21.0,19.864999771118164,20.112499237060547,20.077014923095703,63304000,MGLU3.SA,20.300558,20.40393829345703,0.3269233703613281,0.0
2020-08-20,22.040000915527344,22.0674991607666,21.537500381469727,21.837499618530273,21.79897117614746,54761600,MGLU3.SA,21.827614,21.79897117614746,0.0,0.0
2020-09-02,23.975000381469727,24.104999542236328,23.25,23.377500534057617,23.33625602722168,40830800,MGLU3.SA,23.343609,22.08596420288086,-1.2502918243408203,0.0
2020-09-11,22.34000015258789,22.600000381469727,21.780000686645508,21.892499923706055,21.85387420654297,48137600,MGLU3.SA,22.224787,22.535171508789062,0.6812973022460938,0.0
2020-09-30,22.02750015258789,22.475000381469727,21.809999465942383,22.299999237060547,22.26065444946289,46979200,MGLU3.SA,22.159409,22.934465408325195,0.0,-0.6738109588623047
2020-10-07,22.424999237060547,22.6924991607666,22.225000381469727,22.235000610351562,22.195770263671875,41633600,MGLU3.SA,22.413555,22.926979064941406,0.7312088012695312,0.0
2020-10-14,26.5,27.25,25.040000915527344,25.68000030517578,25.634693145751953,83598100,MGLU3.SA,25.131025,25.46499252319336,0.0,0.16970062255859375
2020-10-23,26.100000381469727,26.209999084472656,25.649999618530273,25.920000076293945,25.874269485473633,23943900,MGLU3.SA,25.628832,25.42506217956543,0.0,0.4492073059082031
2020-11-05,26.8799991607666,27.700000762939453,26.739999771118164,27.450000762939453,27.40157127380371,46382700,MGLU3.SA,26.48777,27.281780242919922,0.0,0.11979103088378906
2020-11-12,25.530000686645508,25.950000762939453,24.90999984741211,25.479999542236328,25.43504524230957,33819000,MGLU3.SA,25.225546,25.05571746826172,0.0,0.37932777404785156
2020-11-18,24.700000762939453,24.729999542236328,24.06999969482422,24.540000915527344,24.4967041015625,31523100,MGLU3.SA,24.409758,24.596525192260742,0.0,-0.09982109069824219
2020-11-27,24.31999969482422,24.549999237060547,23.920000076293945,24.190000534057617,24.147321701049805,36125600,MGLU3.SA,24.074171,23.338748931884766,0.0,0.8085727691650391
2020-11-30,24.200000762939453,24.690000534057617,23.219999313354492,23.3799991607666,23.338748931884766,67110300,MGLU3.SA,23.674282,22.839632034301758,-0.4991168975830078,0.0
2020-12-18,24.479999542236328,24.6299991607666,24.100000381469727,24.520000457763672,24.47673988342285,31019400,MGLU3.SA,24.312454,24.95589256286621,0.0,-0.4791526794433594
2020-12-28,24.780000686645508,25.329999923706055,24.399999618530273,25.25,25.20545196533203,23099100,MGLU3.SA,24.846254,25.23539924621582,0.0,-0.029947280883789062
2021-01-05,25.100000381469727,25.18000030517578,24.34000015258789,24.760000228881836,24.74205780029297,25431900,MGLU3.SA,24.614233,23.4429988861084,0.0,1.2990589141845703
2021-01-14,24.149999618530273,24.15999984741211,23.5,23.729999542236328,23.71280288696289,25548400,MGLU3.SA,23.769365,23.942636489868164,0.22983360290527344,0.0
2021-01-20,24.18000030517578,25.530000686645508,24.1200008392334,25.420000076293945,25.401578903198242,48089300,MGLU3.SA,24.807465,25.471527099609375,0.0,-0.06994819641113281
2021-01-26,26.25,27.06999969482422,25.670000076293945,25.75,25.731340408325195,44474300,MGLU3.SA,25.536665,25.771310806274414,0.0,-0.03997039794921875
2021-02-10,26.100000381469727,26.1200008392334,25.110000610351562,25.299999237060547,25.281665802001953,40037100,MGLU3.SA,25.221937,25.631412506103516,0.0,-0.3497467041015625
2021-02-25,24.59000015258789,25.020000457763672,23.809999465942383,24.049999237060547,24.03257179260254,57969900,MGLU3.SA,24.199778,24.162477493286133,0.12990570068359375,0.0
2021-03-05,25.190000534057617,25.34000015258789,24.559999465942383,25.1299991607666,25.111787796020508,45992500,MGLU3.SA,24.74641,23.08325958251953,0.0,2.0285282135009766
2021-03-08,24.690000534057617,24.770000457763672,23.100000381469727,23.100000381469727,23.08325958251953,82907400,MGLU3.SA,23.729937,23.373048782348633,0.28978919982910156,0.0
2021-03-09,23.549999237060547,23.969999313354492,23.309999465942383,23.389999389648438,23.373048782348633,73816700,MGLU3.SA,23.818977,24.881956100463867,1.5089073181152344,0.0
2021-03-30,19.489999771118164,20.31999969482422,19.420000076293945,20.059999465942383,20.045461654663086,36267200,MGLU3.SA,20.155176,20.225332260131836,0.17987060546875,0.0
2021-04-06,20.34000015258789,20.719999313354492,20.059999465942383,20.600000381469727,20.585071563720703,26541200,MGLU3.SA,20.637928,20.165376663208008,-0.4196949005126953,0.0
2021-04-14,22.350000381469727,22.350000381469727,21.8700008392334,22.1200008392334,22.103971481323242,24257100,MGLU3.SA,22.033102,22.18391227722168,0.0,-0.0799407958984375
2021-04-15,22.219999313354492,22.520000457763672,22.100000381469727,22.200000762939453,22.18391227722168,18452800,MGLU3.SA,22.224375,21.904115676879883,-0.2797966003417969,0.0
2021-04-27,21.600000381469727,21.649999618530273,20.93000030517578,20.950000762939453,20.934818267822266,15920900,MGLU3.SA,21.235174,20.635034561157227,-0.29978370666503906,0.0
2021-05-07,19.579999923706055,19.899999618530273,19.329999923706055,19.889999389648438,19.875585556030273,23586600,MGLU3.SA,19.86043,19.186086654663086,0.0,0.6894989013671875
2021-05-13,18.809999465942383,19.25,18.729999542236328,19.1299991607666,19.11613655090332,19821800,MGLU3.SA,19.09949,19.13612174987793,0.0,-0.019985198974609375
2021-05-17,19.1200008392334,19.219999313354492,18.729999542236328,18.860000610351562,18.846332550048828,15761200,MGLU3.SA,19.026772,18.956253051757812,0.10992050170898438,0.0
2021-05-25,20.200000762939453,20.65999984741211,20.020000457763672,20.020000457763672,20.0054931640625,33802700,MGLU3.SA,19.94777,19.655746459960938,0.0,0.3497467041015625
2021-05-27,19.739999771118164,19.84000015258789,19.469999313354492,19.59000015258789,19.575803756713867,22849600,MGLU3.SA,19.73584,20.23532485961914,0.6595211029052734,0.0
2021-05-28,19.700000762939453,20.420000076293945,19.6200008392334,20.25,20.23532485961914,19444100,MGLU3.SA,20.074047,20.145389556884766,0.0,0.089935302734375
2021-05-31,20.260000228881836,20.399999618530273,19.979999542236328,20.15999984741211,20.145389556884766,12532200,MGLU3.SA,20.08277,20.33525276184082,0.0,-0.1898632049560547
2021-06-24,20.799999237060547,21.729999542236328,20.700000762939453,21.649999618530273,21.634309768676758,31539400,MGLU3.SA,21.331367,21.37449836730957,0.0,0.2598114013671875
2021-07-08,21.68000030517578,22.06999969482422,21.479999542236328,21.920000076293945,21.920000076293945,18120000,MGLU3.SA,21.710747,22.100000381469727,0.0,-0.18000030517578125
2021-07-12,22.059999465942383,22.399999618530273,21.950000762939453,22.100000381469727,22.100000381469727,20406700,MGLU3.SA,22.101416,22.489999771118164,0.3899993896484375,0.0
2021-07-23,22.799999237060547,22.93000030517578,22.209999084472656,22.600000381469727,22.600000381469727,33320900,MGLU3.SA,22.66122,22.040000915527344,-0.5599994659423828,0.0
2021-08-06,20.530000686645508,20.8799991607666,20.139999389648438,20.68000030517578,20.68000030517578,20427500,MGLU3.SA,20.614178,20.489999771118164,0.0,0.1900005340576172
2021-08-11,20.40999984741211,20.959999084472656,20.149999618530273,20.90999984741211,20.90999984741211,18593600,MGLU3.SA,20.79118,20.969999313354492,0.0,-0.05999946594238281
2021-08-12,20.739999771118164,21.260000228881836,20.540000915527344,20.969999313354492,20.969999313354492,24833500,MGLU3.SA,20.894981,20.270000457763672,0.0,0.6999988555908203
2021-08-26,19.469999313354492,19.700000762939453,18.690000534057617,18.799999237060547,18.799999237060547,34921000,MGLU3.SA,19.067715,19.030000686645508,0.23000144958496094,0.0
2021-09-02,18.65999984741211,18.65999984741211,17.860000610351562,18.010000228881836,18.010000228881836,26117200,MGLU3.SA,18.150055,18.899999618530273,0.8899993896484375,0.0
2021-09-06,18.860000610351562,19.5,18.760000228881836,19.479999542236328,19.479999542236328,18350600,MGLU3.SA,19.136808,18.790000915527344,0.0,0.6899986267089844
2021-09-10,19.059999465942383,19.1200008392334,17.18000030517578,17.18000030517578,17.18000030517578,73358000,MGLU3.SA,17.798317,17.440000534057617,0.26000022888183594,0.0
2021-09-16,16.450000762939453,16.6200008392334,16.110000610351562,16.3700008392334,16.3700008392334,31384100,MGLU3.SA,16.415442,16.56999969482422,0.1999988555908203,0.0
2021-09-20,16.239999771118164,16.40999984741211,15.789999961853027,16.049999237060547,16.049999237060547,26978100,MGLU3.SA,16.12381,16.389999389648438,0.3400001525878906,0.0
2021-09-23,16.399999618530273,16.520000457763672,15.8100004196167,15.869999885559082,15.869999885559082,31272400,MGLU3.SA,16.040657,15.630000114440918,-0.23999977111816406,0.0
2021-10-04,14.25,14.279999732971191,13.529999732971191,13.710000038146973,13.710000038146973,54061500,MGLU3.SA,13.734537,13.680000305175781,-0.029999732971191406,0.0
2021-10-06,13.489999771118164,14.600000381469727,13.149999618530273,14.460000038146973,14.460000038146973,73344200,MGLU3.SA,13.884141,14.029999732971191,0.0,0.43000030517578125
2021-10-14,14.600000381469727,14.630000114440918,14.100000381469727,14.170000076293945,14.170000076293945,26031600,MGLU3.SA,14.038607,14.5600004196167,0.0,-0.3900003433227539
2021-10-29,11.239999771118164,11.359999656677246,10.729999542236328,10.8100004196167,10.8100004196167,41570400,MGLU3.SA,10.70845,11.300000190734863,0.0,-0.48999977111816406
2021-11-05,11.220000267028809,12.619999885559082,11.15999984741211,12.4399995803833,12.4399995803833,66246300,MGLU3.SA,11.834598,11.930000305175781,0.0,0.5099992752075195
2021-11-08,12.3100004196167,12.65999984741211,11.869999885559082,11.930000305175781,11.930000305175781,47182200,MGLU3.SA,11.894698,13.130000114440918,0.0,-1.1999998092651367
2021-11-09,12.050000190734863,13.800000190734863,12.050000190734863,13.130000114440918,13.130000114440918,67266300,MGLU3.SA,12.669292,13.020000457763672,0.0,0.1099996566772461
2021-11-10,13.199999809265137,13.539999961853027,12.819999694824219,13.020000457763672,13.020000457763672,60782500,MGLU3.SA,12.827532,13.649999618530273,0.0,-0.6299991607666016
2021-11-16,11.1899995803833,11.399999618530273,9.739999771118164,9.739999771118164,9.739999771118164,141030500,MGLU3.SA,9.886049,9.270000457763672,-0.4699993133544922,0.0
2021-11-19,9.050000190734863,9.869999885559082,8.9399995803833,9.270000457763672,9.270000457763672,93775200,MGLU3.SA,9.358555,8.84000015258789,-0.43000030517578125,0.0
2021-11-25,8.84000015258789,9.039999961853027,8.609999656677246,8.699999809265137,8.699999809265137,58775400,MGLU3.SA,8.680817,8.0600004196167,0.0,0.6399993896484375
2021-12-06,7.150000095367432,7.440000057220459,7.099999904632568,7.300000190734863,7.300000190734863,84613800,MGLU3.SA,7.194805,7.619999885559083,0.0,-0.31999969482421964
2021-12-08,7.559999942779541,7.570000171661377,6.630000114440918,6.809999942779541,6.809999942779541,255628900,MGLU3.SA,6.6531367,6.28000020980835,0.0,0.5299997329711914
2021-12-17,6.190000057220459,6.730000019073486,6.059999942779541,6.659999847412109,6.659999847412109,146574300,MGLU3.SA,6.4659877,6.329999923706055,0.0,0.3299999237060547
2022-01-06,6.460000038146973,6.53000020980835,6.130000114440918,6.25,6.25,96480700,MGLU3.SA,6.137059,6.21999979019165,0.0,0.03000020980834961
2022-01-07,6.269999980926514,6.630000114440918,6.110000133514404,6.21999979019165,6.21999979019165,132688900,MGLU3.SA,6.2296066,5.739999771118164,-0.48000001907348633,0.0
2022-01-13,6.25,6.28000020980835,5.900000095367432,6.090000152587891,6.090000152587891,129178200,MGLU3.SA,6.1973505,6.329999923706055,0.23999977111816406,0.0
2022-02-02,7.090000152587891,7.25,6.440000057220459,6.510000228881836,6.510000228881836,208153600,MGLU3.SA,6.643774,6.53000020980835,0.019999980926513672,0.0
2022-02-16,6.829999923706055,6.980000019073486,6.71999979019165,6.820000171661377,6.820000171661377,100338500,MGLU3.SA,6.818443,6.630000114440918,0.0,0.19000005722045898
2022-03-03,6.329999923706055,6.480000019073486,6.150000095367432,6.309999942779541,6.309999942779541,102314000,MGLU3.SA,6.268687,6.289999961853027,0.0,0.019999980926513672
2022-03-07,6.21999979019165,6.340000152587891,5.800000190734863,5.849999904632568,5.849999904632568,87037200,MGLU3.SA,5.7478266,6.050000190734863,0.0,-0.20000028610229492
2022-03-15,4.800000190734863,5.019999980926514,4.650000095367432,4.869999885559082,4.869999885559082,251964700,MGLU3.SA,4.5707765,5.130000114440918,0.0,-0.26000022888183594
2022-03-17,5.130000114440918,5.550000190734863,5.010000228881836,5.539999961853027,5.539999961853027,158527400,MGLU3.SA,5.5792,5.820000171661377,0.2800002098083496,0.0
2022-03-23,5.789999961853027,6.039999961853027,5.690000057220459,6.0,6.0,165782700,MGLU3.SA,5.7447805,6.599999904632568,0.0,-0.5999999046325684
2022-04-06,6.809999942779541,6.829999923706055,6.449999809265137,6.619999885559082,6.619999885559082,119018900,MGLU3.SA,6.4613814,6.559999942779541,0.0,0.059999942779541016
2022-04-07,6.590000152587891,6.840000152587891,6.46999979019165,6.559999942779541,6.559999942779541,129379100,MGLU3.SA,6.477607,6.130000114440918,0.0,0.42999982833862305
2022-04-28,5.150000095367432,5.28000020980835,4.980000019073486,5.179999828338623,5.179999828338623,101316700,MGLU3.SA,4.998334,4.880000114440918,0.0,0.2999997138977051
2022-05-10,4.050000190734863,4.110000133514404,3.799999952316284,3.950000047683716,3.950000047683716,158816700,MGLU3.SA,3.7614655,3.930000066757202,0.0,0.019999980926513672
2022-05-12,3.8299999237060547,4.210000038146973,3.740000009536743,4.179999828338623,4.179999828338623,193108900,MGLU3.SA,4.025295,4.380000114440918,0.0,-0.20000028610229492
2022-05-18,3.9600000381469727,4.03000020980835,3.700000047683716,3.7200000286102295,3.7200000286102295,167167500,MGLU3.SA,3.5412252,3.7300000190734863,0.0,-0.009999990463256836
2022-06-09,3.2200000286102295,3.2200000286102295,3.009999990463257,3.009999990463257,3.009999990463257,216291000,MGLU3.SA,3.0589786,2.9000000953674316,-0.1099998950958252,0.0
2022-06-17,2.4600000381469727,2.4600000381469727,2.359999895095825,2.380000114440918,2.380000114440918,169697700,MGLU3.SA,2.4334102,2.5799999237060547,0.19999980926513672,0.0
2022-06-20,2.4000000953674316,2.630000114440918,2.319999933242798,2.5799999237060547,2.5799999237060547,199075800,MGLU3.SA,2.5345652,2.509999990463257,0.0,0.06999993324279785
2022-06-29,2.4000000953674316,2.490000009536743,2.369999885559082,2.4100000858306885,2.4100000858306885,113299200,MGLU3.SA,2.3066063,2.3399999141693115,0.0,0.07000017166137695
2022-07-19,2.809999942779541,2.880000114440918,2.640000104904175,2.7899999618530273,2.7899999618530273,186397200,MGLU3.SA,2.784987,3.069999933242798,0.0,-0.2799999713897705
2022-08-02,2.690000057220459,2.7699999809265137,2.640000104904175,2.7100000381469727,2.7100000381469727,132842700,MGLU3.SA,2.7788217,2.930000066757202,0.2200000286102295,0.0
2022-08-03,2.7200000286102295,2.950000047683716,2.7100000381469727,2.930000066757202,2.930000066757202,190866600,MGLU3.SA,2.9466028,3.3399999141693115,0.4099998474121094,0.0
2022-08-19,3.9200000762939453,3.990000009536743,3.7100000381469727,3.7799999713897705,3.7799999713897705,152089100,MGLU3.SA,3.7412922,3.8199999332427983,0.0,-0.03999996185302779
2022-09-12,4.440000057220459,4.820000171661377,4.429999828338623,4.789999961853027,4.789999961853027,202900500,MGLU3.SA,4.8064723,4.699999809265137,-0.09000015258789062,0.0
2022-09-23,4.5,4.710000038146973,4.489999771118164,4.630000114440918,4.630000114440918,152298500,MGLU3.SA,4.55902,4.480000019073486,0.0,0.15000009536743164
2022-09-30,4.090000152587891,4.550000190734863,3.9800000190734863,4.480000019073486,4.480000019073486,247963200,MGLU3.SA,4.357467,4.909999847412109,0.0,-0.42999982833862305
2022-10-04,5.090000152587891,5.230000019073486,4.960000038146973,5.090000152587891,5.090000152587891,184420400,MGLU3.SA,5.24399,5.119999885559082,0.029999732971191406,0.0
2022-10-10,5.340000152587891,5.460000038146973,5.190000057220459,5.320000171661377,5.320000171661377,133736800,MGLU3.SA,5.23916,5.170000076293945,0.0,0.15000009536743164
2022-10-27,3.940000057220459,4.320000171661377,3.9200000762939453,4.21999979019165,4.21999979019165,219975200,MGLU3.SA,4.064147,4.380000114440918,0.0,-0.16000032424926758
2022-10-31,4.380000114440918,4.659999847412109,4.260000228881836,4.46999979019165,4.46999979019165,263678600,MGLU3.SA,4.4786916,4.559999942779541,0.09000015258789062,0.0
2022-11-03,4.460000038146973,4.949999809265137,4.400000095367432,4.869999885559082,4.869999885559082,242822900,MGLU3.SA,4.676781,4.829999923706055,0.0,0.039999961853027344
2022-11-04,5.0,5.010000228881836,4.760000228881836,4.829999923706055,4.829999923706055,159879200,MGLU3.SA,4.852151,4.539999961853027,-0.28999996185302734,0.0
2022-11-07,4.800000190734863,4.940000057220459,4.5,4.539999961853027,4.539999961853027,171034400,MGLU3.SA,4.499276,4.630000114440918,0.0,-0.09000015258789062
